object,jan_version,jan_valid_from,jan_valid_to,june_version,june_valid_from,june_valid_to,change_type,route_affected,material,action,tag_change_json,june_tags_json,june_node_ids_json,parent_child,history_url
way/4299544,28,2021-02-06 10:45:57+00:00,2024-04-09T06:42:03Z,30,2024-04-09T06:42:03Z,2024-12-20T18:38:55Z,A_NON_MATERIAL,Jan/south-chalus:closure | Jan/south-chalus_alt:closure | Jan/south-kelardasht:closure | Jan/south-kelardasht_alt:closure | Jan/south-nowshahr:closure | Jan/south-nowshahr_alt:closure | Jan/south_10-chalus:closure | Jan/south_10-chalus_alt:closure | Jan/south_10-kelardasht:closure | Jan/south_10-kelardasht_alt:closure | Jan/south_10-nowshahr:closure | Jan/south_10-nowshahr_alt:closure | Jan/south_5-chalus:closure | Jan/south_5-chalus_alt:closure | Jan/south_5-kelardasht:closure | Jan/south_5-kelardasht_alt:closure | Jan/south_5-nowshahr:closure | Jan/south_5-nowshahr_alt:closure | Jun/south-chalus:closure | Jun/south-kelardasht:closure | Jun/south-nowshahr:closure | JunGate/south+0-chalus:closure | JunGate/south+0-kelardasht:closure | JunGate/south+0-nowshahr:closure | JunGate/south+10-chalus:closure | JunGate/south+10-kelardasht:closure | JunGate/south+10-nowshahr:closure | JunGate/south+5-chalus:closure | JunGate/south+5-kelardasht:closure | JunGate/south+5-nowshahr:closure | JunSens/south-chalus:closure | JunSens/south-chalus_alt:closure | JunSens/south-kelardasht:closure | JunSens/south-kelardasht_alt:closure | JunSens/south-nowshahr:closure | JunSens/south-nowshahr_alt:closure | JunSens/south_10-chalus:closure | JunSens/south_10-chalus_alt:closure | JunSens/south_10-kelardasht:closure | JunSens/south_10-kelardasht_alt:closure | JunSens/south_10-nowshahr:closure | JunSens/south_10-nowshahr_alt:closure | JunSens/south_5-chalus:closure | JunSens/south_5-chalus_alt:closure | JunSens/south_5-kelardasht:closure | JunSens/south_5-kelardasht_alt:closure | JunSens/south_5-nowshahr:closure | JunSens/south_5-nowshahr_alt:closure,NO,Use 12-Jun version; no route/corridor effect,"{""maxheight"":[null,""4.5""],""lanes"":[null,""4""]}","{""full_name:fa"":""بزرگراه شهید محمدابراهیم همت"",""highway"":""trunk"",""lanes"":""4"",""maxheight"":""4.5"",""maxspeed"":""90"",""name"":""بزرگراه شهید همت"",""name:en"":""Shahid Hemmat Expressway"",""old_name"":""بزرگراه شمال عباس آباد"",""oneway"":""yes"",""ref"":""14"",""surface"":""asphalt""}","[1636241795,806589597,6614968504,25988063,4458381951,6614935374,25925781,3430499674]",,https://www.openstreetmap.org/way/4299544/history
way/4302939,17,2020-11-02 01:39:55+00:00,2024-01-08T10:12:46Z,18,2024-01-08T10:12:46Z,2025-05-10T16:14:52Z,A_NON_MATERIAL,Jan/south-chalus:closure | Jan/south-chalus_alt:closure | Jan/south-kelardasht:closure | Jan/south-kelardasht_alt:closure | Jan/south-nowshahr:closure | Jan/south-nowshahr_alt:closure | Jan/south_10-chalus:closure | Jan/south_10-chalus_alt:closure | Jan/south_10-kelardasht:closure | Jan/south_10-kelardasht_alt:closure | Jan/south_10-nowshahr:closure | Jan/south_10-nowshahr_alt:closure | Jan/south_5-chalus:closure | Jan/south_5-chalus_alt:closure | Jan/south_5-kelardasht:closure | Jan/south_5-kelardasht_alt:closure | Jan/south_5-nowshahr:closure | Jan/south_5-nowshahr_alt:closure | Jun/south-chalus:closure | Jun/south-kelardasht:closure | Jun/south-nowshahr:closure | JunGate/south+0-chalus:closure | JunGate/south+0-kelardasht:closure | JunGate/south+0-nowshahr:closure | JunGate/south+10-chalus:closure | JunGate/south+10-kelardasht:closure | JunGate/south+10-nowshahr:closure | JunGate/south+5-chalus:closure | JunGate/south+5-kelardasht:closure | JunGate/south+5-nowshahr:closure | JunSens/south-chalus:closure | JunSens/south-chalus_alt:closure | JunSens/south-kelardasht:closure | JunSens/south-kelardasht_alt:closure | JunSens/south-nowshahr:closure | JunSens/south-nowshahr_alt:closure | JunSens/south_10-chalus:closure | JunSens/south_10-chalus_alt:closure | JunSens/south_10-kelardasht:closure | JunSens/south_10-kelardasht_alt:closure | JunSens/south_10-nowshahr:closure | JunSens/south_10-nowshahr_alt:closure | JunSens/south_5-chalus:closure | JunSens/south_5-chalus_alt:closure | JunSens/south_5-kelardasht:closure | JunSens/south_5-kelardasht_alt:closure | JunSens/south_5-nowshahr:closure | JunSens/south_5-nowshahr_alt:closure,NO,Use 12-Jun version; no route/corridor effect,{},"{""bridge"":""yes"",""full_name:fa"":""بزرگراه شهید همت"",""highway"":""trunk"",""layer"":""1"",""maxspeed"":""90"",""name"":""بزرگراه شهید همت"",""name:en"":""Shahid Hemmat Expressway"",""oneway"":""yes"",""ref"":""14"",""surface"":""asphalt""}","[26019375,6463036420,26019376]",,https://www.openstreetmap.org/way/4302939/history
way/4347401,35,2023-12-15 18:22:10+00:00,2024-04-06T10:39:36Z,36,2024-04-06T10:39:36Z,2025-05-10T16:14:52Z,A_NON_MATERIAL,Jan/south-chalus:closure | Jan/south-chalus_alt:closure | Jan/south-kelardasht:closure | Jan/south-kelardasht_alt:closure | Jan/south-nowshahr:closure | Jan/south-nowshahr_alt:closure | Jan/south_10-chalus:closure | Jan/south_10-chalus_alt:closure | Jan/south_10-kelardasht:closure | Jan/south_10-kelardasht_alt:closure | Jan/south_10-nowshahr:closure | Jan/south_10-nowshahr_alt:closure | Jan/south_5-chalus:closure | Jan/south_5-chalus_alt:closure | Jan/south_5-kelardasht:closure | Jan/south_5-kelardasht_alt:closure | Jan/south_5-nowshahr:closure | Jan/south_5-nowshahr_alt:closure | Jun/south-chalus:closure | Jun/south-kelardasht:closure | Jun/south-nowshahr:closure | JunGate/south+0-chalus:closure | JunGate/south+0-kelardasht:closure | JunGate/south+0-nowshahr:closure | JunGate/south+10-chalus:closure | JunGate/south+10-kelardasht:closure | JunGate/south+10-nowshahr:closure | JunGate/south+5-chalus:closure | JunGate/south+5-kelardasht:closure | JunGate/south+5-nowshahr:closure | JunSens/south-chalus:closure | JunSens/south-chalus_alt:closure | JunSens/south-kelardasht:closure | JunSens/south-kelardasht_alt:closure | JunSens/south-nowshahr:closure | JunSens/south-nowshahr_alt:closure | JunSens/south_10-chalus:closure | JunSens/south_10-chalus_alt:closure | JunSens/south_10-kelardasht:closure | JunSens/south_10-kelardasht_alt:closure | JunSens/south_10-nowshahr:closure | JunSens/south_10-nowshahr_alt:closure | JunSens/south_5-chalus:closure | JunSens/south_5-chalus_alt:closure | JunSens/south_5-kelardasht:closure | JunSens/south_5-kelardasht_alt:closure | JunSens/south_5-nowshahr:closure | JunSens/south_5-nowshahr_alt:closure,NO,Use 12-Jun version; no route/corridor effect,{},"{""full_name:fa"":""بزرگراه شهید محمدابراهیم همت"",""highway"":""trunk"",""lanes"":""4"",""maxspeed"":""90"",""name"":""بزرگراه شهید همت"",""name:en"":""Shahid Hemmat Expressway"",""old_name"":""بزرگراه شمال عباس آباد"",""oneway"":""yes"",""ref"":""14"",""surface"":""asphalt""}","[310480450,1656299312,11795242982,310480451,25988055,310480802,6417885582,6417885581,190979313,6417885563,25988056,6418251385,6418251284,311048491,5930756078,6418251283,311049453]",,https://www.openstreetmap.org/way/4347401/history
way/4434036,44,2023-07-17 14:49:14+00:00,2024-01-25T08:42:22Z,45,2024-01-25T08:42:22Z,2026-09-10T23:24:15Z,A_NON_MATERIAL,Jan/south-chalus:closure | Jan/south-chalus_alt:closure | Jan/south-kelardasht:closure | Jan/south-kelardasht_alt:closure | Jan/south-nowshahr:closure | Jan/south-nowshahr_alt:closure | Jan/south_10-chalus:closure | Jan/south_10-chalus_alt:closure | Jan/south_10-kelardasht:closure | Jan/south_10-kelardasht_alt:closure | Jan/south_10-nowshahr:closure | Jan/south_10-nowshahr_alt:closure | Jan/south_5-chalus:closure | Jan/south_5-chalus_alt:closure | Jan/south_5-kelardasht:closure | Jan/south_5-kelardasht_alt:closure | Jan/south_5-nowshahr:closure | Jan/south_5-nowshahr_alt:closure | Jun/south-chalus:closure | Jun/south-kelardasht:closure | Jun/south-nowshahr:closure | JunGate/south+0-chalus:closure | JunGate/south+0-kelardasht:closure | JunGate/south+0-nowshahr:closure | JunGate/south+10-chalus:closure | JunGate/south+10-kelardasht:closure | JunGate/south+10-nowshahr:closure | JunGate/south+5-chalus:closure | JunGate/south+5-kelardasht:closure | JunGate/south+5-nowshahr:closure | JunSens/south-chalus:closure | JunSens/south-chalus_alt:closure | JunSens/south-kelardasht:closure | JunSens/south-kelardasht_alt:closure | JunSens/south-nowshahr:closure | JunSens/south-nowshahr_alt:closure | JunSens/south_10-chalus:closure | JunSens/south_10-chalus_alt:closure | JunSens/south_10-kelardasht:closure | JunSens/south_10-kelardasht_alt:closure | JunSens/south_10-nowshahr:closure | JunSens/south_10-nowshahr_alt:closure | JunSens/south_5-chalus:closure | JunSens/south_5-chalus_alt:closure | JunSens/south_5-kelardasht:closure | JunSens/south_5-kelardasht_alt:closure | JunSens/south_5-nowshahr:closure | JunSens/south_5-nowshahr_alt:closure,NO,Use 12-Jun version; no route/corridor effect,{},"{""highway"":""trunk"",""lanes"":""3"",""maxspeed"":""100"",""name"":""جاده دماوند"",""name:en"":""Damavand Road"",""oneway"":""yes"",""ref"":""77"",""surface"":""asphalt""}","[32031326,7928676205,5607958363,4407797435,1894527004,32031920,9845749611,1870219494,5031168341,1870219495,5031166613,5627541842,1894527079,27215156,27215157,27215158,1894527149,1894527154,27215159,4736768677,1894527178,27215160,32032032,1870219480,1870219533,1894527413,27215161,27215162,32032038,1894527553,27215163,32032051,1894527582,11051240763,32032052,4736768668,1870219505,1870234266,6848477489,1870233924,6661228202,1894527541,27215619,1894527485,1894527478,1894527460,27215621,1894527456,27215622,1894527481,1894527524,27215623,1894527588,6661228205,5031102931,27215624,5270393608,4736768671,32032322,299514041,32032316,1894527953,32032324,6661228206,1894527959,918588513,32032102,918588401,9487911666,918588745,27215628,918588633,32032374,918588969,9487839479,5031134665,1894527852,1894527844,6851630779,4313041563,1870233919,1894527754,4313041574,1870234292,1894527599,1894527569,1894527531,1870234040,11549191632,1870233721,1894527275,1894527176,27215631,32033036,32033155,4736768650,32033140,27215632,4736769052,27215633,1894527067,4313043100,27215634,4736769049,27215635,6851643296,32033180,6661228208,918588776,6661228212,1894527120,4736767865,1870233709,1894527131,7193355029,1870234298,6824724611,1894527135,1870234112,32033189,1894527138,1870233777,32033382,1894527119,1870233959,4736768348,1894527068,1894527055,5032632765,8400841824,5032632770,6651660299,1894527033,1894527014,1909147256,32033465]",,https://www.openstreetmap.org/way/4434036/history
way/19363588,36,2023-03-01 11:44:50+00:00,2024-03-29T14:54:48Z,38,2024-03-29T14:54:48Z,,A_NON_MATERIAL,Jan/east-chalus:base | Jan/east-chalus:closure | Jan/east-chalus_alt:base | Jan/east-chalus_alt:closure | Jan/east-kelardasht:base | Jan/east-kelardasht:closure | Jan/east-kelardasht_alt:base | Jan/east-kelardasht_alt:closure | Jan/east-nowshahr:base | Jan/east-nowshahr:closure | Jan/east-nowshahr_alt:base | Jan/east-nowshahr_alt:closure | Jun/east-chalus:base | Jun/east-chalus:closure | Jun/east-kelardasht:base | Jun/east-kelardasht:closure | Jun/east-nowshahr:base | Jun/east-nowshahr:closure | JunGate/east+0-chalus:base | JunGate/east+0-chalus:closure | JunGate/east+0-kelardasht:base | JunGate/east+0-kelardasht:closure | JunGate/east+0-nowshahr:base | JunGate/east+0-nowshahr:closure | JunGate/east+10-chalus:base | JunGate/east+10-chalus:closure | JunGate/east+10-kelardasht:base | JunGate/east+10-kelardasht:closure | JunGate/east+10-nowshahr:base | JunGate/east+10-nowshahr:closure | JunGate/east+5-chalus:base | JunGate/east+5-chalus:closure | JunGate/east+5-kelardasht:base | JunGate/east+5-kelardasht:closure | JunGate/east+5-nowshahr:base | JunGate/east+5-nowshahr:closure | JunSens/east-chalus:base | JunSens/east-chalus:closure | JunSens/east-chalus_alt:base | JunSens/east-chalus_alt:closure | JunSens/east-kelardasht:base | JunSens/east-kelardasht:closure | JunSens/east-kelardasht_alt:base | JunSens/east-kelardasht_alt:closure | JunSens/east-nowshahr:base | JunSens/east-nowshahr:closure | JunSens/east-nowshahr_alt:base | JunSens/east-nowshahr_alt:closure,NO,Use 12-Jun version; no route/corridor effect,"{""name"":[""جاده ساحلی"",""بلوار امام خمینی""]}","{""highway"":""trunk"",""maxspeed"":""60"",""name"":""بلوار امام خمینی"",""oneway"":""yes"",""ref"":""22"",""sidewalk"":""yes""}","[2387914654,2387914653,6485114348,6485114383,6485114789,2387914647,6485114799,2387914636,6485114801,6485114795,6485114805,6485114810,6485114814,6485114816,6485114822,6485114824,6485114829,2387914597,6485114833,6485114836,4339503371,6485114842,2387914593,6485114844,6485114846,2387914585,6485114850,2387914575,6485114858,6485114861,6485114864,6485114874,4339488537,4339488536,6485114892,6485114894,2387914551,6485114896,2387914544,2387914540,6485114898,4339488534,2387914535,4339488533,2387914528,6485114908,6485114906,4339481829,2387914520,6485114916,2387914517,6485114914,2387914514,2387914513,2387914508,4339481816,2387914489,10701719400,4357387608,6485114918,2387914439,4113577250,4357387604,4357387603,2387914422,6485114921,6485114923,10701719394,6485114925,6485114927,6485114958,2387914393,10701719388,2387914386,4357355151,2387914382,2387914378,2387914376,2387914375,2387914373,2387914369,6499437823]",,https://www.openstreetmap.org/way/19363588/history
way/28261391,20,2020-06-16 18:44:46+00:00,2024-01-22T06:28:55Z,22,2024-01-22T06:28:55Z,2025-04-30T12:40:37Z,A_NON_MATERIAL,Jan/south-chalus:closure | Jan/south-chalus_alt:closure | Jan/south-kelardasht:closure | Jan/south-kelardasht_alt:closure | Jan/south-nowshahr:closure | Jan/south-nowshahr_alt:closure | Jan/south_10-chalus:closure | Jan/south_10-chalus_alt:closure | Jan/south_10-kelardasht:closure | Jan/south_10-kelardasht_alt:closure | Jan/south_10-nowshahr:closure | Jan/south_10-nowshahr_alt:closure | Jan/south_5-chalus:closure | Jan/south_5-chalus_alt:closure | Jan/south_5-kelardasht:closure | Jan/south_5-kelardasht_alt:closure | Jan/south_5-nowshahr:closure | Jan/south_5-nowshahr_alt:closure | Jun/south-chalus:closure | Jun/south-kelardasht:closure | Jun/south-nowshahr:closure | JunGate/south+0-chalus:closure | JunGate/south+0-kelardasht:closure | JunGate/south+0-nowshahr:closure | JunGate/south+10-chalus:closure | JunGate/south+10-kelardasht:closure | JunGate/south+10-nowshahr:closure | JunGate/south+5-chalus:closure | JunGate/south+5-kelardasht:closure | JunGate/south+5-nowshahr:closure | JunSens/south-chalus:closure | JunSens/south-chalus_alt:closure | JunSens/south-kelardasht:closure | JunSens/south-kelardasht_alt:closure | JunSens/south-nowshahr:closure | JunSens/south-nowshahr_alt:closure | JunSens/south_10-chalus:closure | JunSens/south_10-chalus_alt:closure | JunSens/south_10-kelardasht:closure | JunSens/south_10-kelardasht_alt:closure | JunSens/south_10-nowshahr:closure | JunSens/south_10-nowshahr_alt:closure | JunSens/south_5-chalus:closure | JunSens/south_5-chalus_alt:closure | JunSens/south_5-kelardasht:closure | JunSens/south_5-kelardasht_alt:closure | JunSens/south_5-nowshahr:closure | JunSens/south_5-nowshahr_alt:closure,NO,Use 12-Jun version; no route/corridor effect,"{""maxheight"":[null,""4.5""],""lanes"":[null,""4""]}","{""full_name:fa"":""بزرگراه شهید محمدابراهیم همت"",""highway"":""trunk"",""lanes"":""4"",""maxheight"":""4.5"",""maxspeed"":""90"",""name"":""بزرگراه زین الدین"",""name:en"":""Zeynoddin Expressway"",""old_name"":""بزرگراه شمال عباس آباد"",""oneway"":""yes"",""ref"":""14"",""surface"":""asphalt""}","[310377795,6418885923,6418885922,26458966,1646917174,3186082876,1646917166,6418886504,1646917158,4290850703,1646917167,1646917169,1646917178,1646917204,1646917208,6419315912,1646917214,1646917226,6419315975,1646917275,1646917295,26458962,26458958,26458574,310228779,6419362285,26458964,2184120800,1646917339,1646917322,1646917318,6372768911,26458577]",,https://www.openstreetmap.org/way/28261391/history
way/28261393,11,2020-11-02 01:39:55+00:00,2024-03-21T08:18:03Z,12,2024-03-21T08:18:03Z,2025-05-08T13:16:04Z,A_NON_MATERIAL,Jan/south-chalus:closure | Jan/south-chalus_alt:closure | Jan/south-kelardasht:closure | Jan/south-kelardasht_alt:closure | Jan/south-nowshahr:closure | Jan/south-nowshahr_alt:closure | Jan/south_10-chalus:closure | Jan/south_10-chalus_alt:closure | Jan/south_10-kelardasht:closure | Jan/south_10-kelardasht_alt:closure | Jan/south_10-nowshahr:closure | Jan/south_10-nowshahr_alt:closure | Jan/south_5-chalus:closure | Jan/south_5-chalus_alt:closure | Jan/south_5-kelardasht:closure | Jan/south_5-kelardasht_alt:closure | Jan/south_5-nowshahr:closure | Jan/south_5-nowshahr_alt:closure | Jun/south-chalus:closure | Jun/south-kelardasht:closure | Jun/south-nowshahr:closure | JunGate/south+0-chalus:closure | JunGate/south+0-kelardasht:closure | JunGate/south+0-nowshahr:closure | JunGate/south+10-chalus:closure | JunGate/south+10-kelardasht:closure | JunGate/south+10-nowshahr:closure | JunGate/south+5-chalus:closure | JunGate/south+5-kelardasht:closure | JunGate/south+5-nowshahr:closure | JunSens/south-chalus:closure | JunSens/south-chalus_alt:closure | JunSens/south-kelardasht:closure | JunSens/south-kelardasht_alt:closure | JunSens/south-nowshahr:closure | JunSens/south-nowshahr_alt:closure | JunSens/south_10-chalus:closure | JunSens/south_10-chalus_alt:closure | JunSens/south_10-kelardasht:closure | JunSens/south_10-kelardasht_alt:closure | JunSens/south_10-nowshahr:closure | JunSens/south_10-nowshahr_alt:closure | JunSens/south_5-chalus:closure | JunSens/south_5-chalus_alt:closure | JunSens/south_5-kelardasht:closure | JunSens/south_5-kelardasht_alt:closure | JunSens/south_5-nowshahr:closure | JunSens/south_5-nowshahr_alt:closure,NO,Use 12-Jun version; no route/corridor effect,"{""lanes"":[null,""4""]}","{""bridge"":""yes"",""full_name:fa"":""بزرگراه شهید همت"",""highway"":""trunk"",""lanes"":""4"",""layer"":""1"",""maxspeed"":""90"",""name"":""بزرگراه شهید همت"",""name:en"":""Shahid Hemmat Expressway"",""oneway"":""yes"",""ref"":""14"",""surface"":""asphalt""}","[310377158,310377795]",,https://www.openstreetmap.org/way/28261393/history
way/80854126,30,2023-04-26 12:20:39+00:00,2024-05-28T17:57:14Z,32,2024-05-28T17:57:14Z,2026-02-18T21:59:32Z,A_NON_MATERIAL,Jan/south-chalus:closure | Jan/south-chalus_alt:closure | Jan/south-kelardasht:closure | Jan/south-kelardasht_alt:closure | Jan/south-nowshahr:closure | Jan/south-nowshahr_alt:closure | Jan/south_10-chalus:closure | Jan/south_10-chalus_alt:closure | Jan/south_10-kelardasht:closure | Jan/south_10-kelardasht_alt:closure | Jan/south_10-nowshahr:closure | Jan/south_10-nowshahr_alt:closure | Jan/south_5-chalus:closure | Jan/south_5-chalus_alt:closure | Jan/south_5-kelardasht:closure | Jan/south_5-kelardasht_alt:closure | Jan/south_5-nowshahr:closure | Jan/south_5-nowshahr_alt:closure | Jun/south-chalus:closure | Jun/south-kelardasht:closure | Jun/south-nowshahr:closure | JunGate/south+0-chalus:closure | JunGate/south+0-kelardasht:closure | JunGate/south+0-nowshahr:closure | JunGate/south+10-chalus:closure | JunGate/south+10-kelardasht:closure | JunGate/south+10-nowshahr:closure | JunGate/south+5-chalus:closure | JunGate/south+5-kelardasht:closure | JunGate/south+5-nowshahr:closure | JunSens/south-chalus:closure | JunSens/south-chalus_alt:closure | JunSens/south-kelardasht:closure | JunSens/south-kelardasht_alt:closure | JunSens/south-nowshahr:closure | JunSens/south-nowshahr_alt:closure | JunSens/south_10-chalus:closure | JunSens/south_10-chalus_alt:closure | JunSens/south_10-kelardasht:closure | JunSens/south_10-kelardasht_alt:closure | JunSens/south_10-nowshahr:closure | JunSens/south_10-nowshahr_alt:closure | JunSens/south_5-chalus:closure | JunSens/south_5-chalus_alt:closure | JunSens/south_5-kelardasht:closure | JunSens/south_5-kelardasht_alt:closure | JunSens/south_5-nowshahr:closure | JunSens/south_5-nowshahr_alt:closure,NO,Use 12-Jun version; no route/corridor effect,{},"{""highway"":""trunk"",""maxspeed"":""80"",""name"":""جاده هراز"",""name:en"":""Haraz Road"",""ref"":""77""}","[3718343959,3992610712,27216777,3718343958,3718343957,11940219992,11940219993,3718343956,3992610713,27216778,11940219995,11940219996,11940219994,11940219997,942640453,11940219998,3718343954,11940219999,2130784666,11940220000,3718343953,3992610715,942640281,7608639022,942640360,3718343952,4379150821,942640475,3718343950,3718343951,4798755705,4379150822,3718343949,3718343948,8390280903,942640312,8390303760,3718343947,3718343944,3718343945,8390243165,942640376,3718343946,2130801654,2130801595,11940245397,2130801674,2130801605,11940245398,11940245399,254660417,11940245400,2130801562,11940245401,2130801635,11940245402,2130801656,11940245403,11940245404,2130801696,4379152390,2130801592,254659880,11940245405,2130801599,2130801566,254660141,254660143,11940245406,11940245407,2130801602,11940245408,2130801593,11940245409,254659362,2130801678,2130801658,2130801582,254659750,2130801651,2130801681,254659404,2544170662,254659405,3618266942,2544170674,2544170675,254659406,2544170666,2544170663,2544170659,254659363]",,https://www.openstreetmap.org/way/80854126/history
way/119890243,16,2023-03-27 16:45:30+00:00,2024-04-21T09:28:48Z,17,2024-04-21T09:28:48Z,,A_NON_MATERIAL,Jan/west-chalus:base | Jan/west-chalus:closure | Jan/west-chalus_alt:base | Jan/west-chalus_alt:closure | Jan/west-kelardasht:base | Jan/west-kelardasht:closure | Jan/west-kelardasht_alt:base | Jan/west-kelardasht_alt:closure | Jan/west-nowshahr:base | Jan/west-nowshahr:closure | Jan/west-nowshahr_alt:base | Jan/west-nowshahr_alt:closure | Jun/west-chalus:base | Jun/west-chalus:closure | Jun/west-kelardasht:base | Jun/west-kelardasht:closure | Jun/west-nowshahr:base | Jun/west-nowshahr:closure | JunGate/west+0-chalus:base | JunGate/west+0-chalus:closure | JunGate/west+0-kelardasht:base | JunGate/west+0-kelardasht:closure | JunGate/west+0-nowshahr:base | JunGate/west+0-nowshahr:closure | JunGate/west+10-chalus:base | JunGate/west+10-chalus:closure | JunGate/west+10-kelardasht:base | JunGate/west+10-kelardasht:closure | JunGate/west+10-nowshahr:base | JunGate/west+10-nowshahr:closure | JunGate/west+5-chalus:base | JunGate/west+5-chalus:closure | JunGate/west+5-kelardasht:base | JunGate/west+5-kelardasht:closure | JunGate/west+5-nowshahr:base | JunGate/west+5-nowshahr:closure | JunSens/west-chalus:base | JunSens/west-chalus:closure | JunSens/west-chalus_alt:base | JunSens/west-chalus_alt:closure | JunSens/west-kelardasht:base | JunSens/west-kelardasht:closure | JunSens/west-kelardasht_alt:base | JunSens/west-kelardasht_alt:closure | JunSens/west-nowshahr:base | JunSens/west-nowshahr:closure | JunSens/west-nowshahr_alt:base | JunSens/west-nowshahr_alt:closure,NO,Use 12-Jun version; no route/corridor effect,{},"{""highway"":""primary"",""lanes"":""2"",""name"":""جمهوری"",""name:en"":""Jomhoori.street"",""oneway"":""yes"",""surface"":""asphalt""}","[10165707003,1345550236,2397674864,5169815998,2397674824,5169816005,5137290757,5849010012,11834600402,2397674762,1422461773,10731069493,5848970770,2397674651,5848970769,10731069496,2397674631,2397674618,2397674608,2397674594,10731069498,2397674565,2397674563,5848970761,1345550142,1345550139,1345550133,10731069501,10731069504,2397674475,2397674451,1345550081,1345550061,1379249595]",,https://www.openstreetmap.org/way/119890243/history
way/119890290,29,2023-03-12 17:17:30+00:00,2024-01-07T05:45:43Z,30,2024-01-07T05:45:43Z,2024-10-27T08:17:10Z,A_NON_MATERIAL,Jan/west-chalus:base | Jan/west-chalus:closure | Jan/west-chalus_alt:base | Jan/west-chalus_alt:closure | Jan/west-kelardasht:base | Jan/west-kelardasht:closure | Jan/west-kelardasht_alt:base | Jan/west-kelardasht_alt:closure | Jan/west-nowshahr:base | Jan/west-nowshahr:closure | Jan/west-nowshahr_alt:base | Jan/west-nowshahr_alt:closure | Jun/west-chalus:base | Jun/west-chalus:closure | Jun/west-kelardasht:base | Jun/west-kelardasht:closure | Jun/west-nowshahr:base | Jun/west-nowshahr:closure | JunGate/west+0-chalus:base | JunGate/west+0-chalus:closure | JunGate/west+0-kelardasht:base | JunGate/west+0-kelardasht:closure | JunGate/west+0-nowshahr:base | JunGate/west+0-nowshahr:closure | JunGate/west+10-chalus:base | JunGate/west+10-chalus:closure | JunGate/west+10-kelardasht:base | JunGate/west+10-kelardasht:closure | JunGate/west+10-nowshahr:base | JunGate/west+10-nowshahr:closure | JunGate/west+5-chalus:base | JunGate/west+5-chalus:closure | JunGate/west+5-kelardasht:base | JunGate/west+5-kelardasht:closure | JunGate/west+5-nowshahr:base | JunGate/west+5-nowshahr:closure | JunSens/west-chalus:base | JunSens/west-chalus:closure | JunSens/west-chalus_alt:base | JunSens/west-chalus_alt:closure | JunSens/west-kelardasht:base | JunSens/west-kelardasht:closure | JunSens/west-kelardasht_alt:base | JunSens/west-kelardasht_alt:closure | JunSens/west-nowshahr:base | JunSens/west-nowshahr:closure | JunSens/west-nowshahr_alt:base | JunSens/west-nowshahr_alt:closure,NO,Use 12-Jun version; no route/corridor effect,{},"{""highway"":""primary"",""lanes"":""2"",""name"":""بلوار شهید شیرودی"",""name:en"":""Boulevard Imam Reza"",""oneway"":""yes"",""surface"":""asphalt""}","[1345550389,1379250057,10731085720,3810345757,4695817305,275368100,7288842547,1418618258,10731085721,3833560852,6326984785,5863611913,10731085723,1418718433,1379249980,3810335899,10731085725,5145482412,3810348027,3818014017,3818014047,10731085728,1427382775,10731085726,3818013998,3818014002,5863646525,3833560844,275368102,3833560841,275368103,5427716892,1418718407,275368104,11496023864,11496023867,1379249929]",,https://www.openstreetmap.org/way/119890290/history
way/119890299,22,2023-03-12 17:09:25+00:00,2024-02-18T07:25:34Z,23,2024-02-18T07:25:34Z,,A_NON_MATERIAL,Jan/west-chalus:base | Jan/west-chalus:closure | Jan/west-chalus_alt:base | Jan/west-chalus_alt:closure | Jan/west-kelardasht:base | Jan/west-kelardasht:closure | Jan/west-kelardasht_alt:base | Jan/west-kelardasht_alt:closure | Jan/west-nowshahr:base | Jan/west-nowshahr:closure | Jan/west-nowshahr_alt:base | Jan/west-nowshahr_alt:closure | Jun/west-chalus:base | Jun/west-chalus:closure | Jun/west-kelardasht:base | Jun/west-kelardasht:closure | Jun/west-nowshahr:base | Jun/west-nowshahr:closure | JunGate/west+0-chalus:base | JunGate/west+0-chalus:closure | JunGate/west+0-kelardasht:base | JunGate/west+0-kelardasht:closure | JunGate/west+0-nowshahr:base | JunGate/west+0-nowshahr:closure | JunGate/west+10-chalus:base | JunGate/west+10-chalus:closure | JunGate/west+10-kelardasht:base | JunGate/west+10-kelardasht:closure | JunGate/west+10-nowshahr:base | JunGate/west+10-nowshahr:closure | JunGate/west+5-chalus:base | JunGate/west+5-chalus:closure | JunGate/west+5-kelardasht:base | JunGate/west+5-kelardasht:closure | JunGate/west+5-nowshahr:base | JunGate/west+5-nowshahr:closure | JunSens/west-chalus:base | JunSens/west-chalus:closure | JunSens/west-chalus_alt:base | JunSens/west-chalus_alt:closure | JunSens/west-kelardasht:base | JunSens/west-kelardasht:closure | JunSens/west-kelardasht_alt:base | JunSens/west-kelardasht_alt:closure | JunSens/west-nowshahr:base | JunSens/west-nowshahr:closure | JunSens/west-nowshahr_alt:base | JunSens/west-nowshahr_alt:closure,NO,Use 12-Jun version; no route/corridor effect,{},"{""highway"":""primary"",""lanes"":""2"",""lit"":""yes"",""maxspeed"":""90"",""name"":""جمهوری اسلامی"",""oneway"":""yes"",""surface"":""asphalt""}","[1345550032,2397674425,2397674417,2397674405,2397674403,9901500878,2397674394,5846424497,2397674377,5846424498,5846424081,2397674238,2397674211,5844186702,2397674193,2397674177,5844186700,5140927383,10731023178,2397674149,2397674135,2397674122,2397674097,5844086556,5844086554,2397674031,1345549836,5844086547,5844086543,5844086541,2396993094,5152478984,2396993095,5844026152,1345549853,2397673841,1345549844,1345549826,11637325119,5140927378,1379249542,275369964,5843992192,7329013840,10731023185,2396993098,1379249534,5843946030,1379249519,2396993100,2397673531,2397673527,5844011844,6402529082,1345549770,2397673517,2397673512,1345549753]",,https://www.openstreetmap.org/way/119890299/history
way/123264825,29,2021-09-26 04:45:46+00:00,2024-04-20T04:38:40Z,30,2024-04-20T04:38:40Z,,A_NON_MATERIAL,Jan/east-chalus:base | Jan/east-chalus:closure | Jan/east-nowshahr_alt:base | Jan/east-nowshahr_alt:closure | Jan/south-chalus:closure | Jan/south-nowshahr_alt:closure | Jan/south_10-chalus:closure | Jan/south_10-nowshahr_alt:closure | Jan/south_5-chalus:closure | Jan/south_5-nowshahr_alt:closure | Jun/east-chalus:base | Jun/east-chalus:closure | Jun/south-chalus:closure | JunGate/east+0-chalus:base | JunGate/east+0-chalus:closure | JunGate/east+10-chalus:base | JunGate/east+10-chalus:closure | JunGate/east+5-chalus:base | JunGate/east+5-chalus:closure | JunGate/south+0-chalus:closure | JunGate/south+10-chalus:closure | JunGate/south+5-chalus:closure | JunSens/east-chalus:base | JunSens/east-chalus:closure | JunSens/east-nowshahr_alt:base | JunSens/east-nowshahr_alt:closure | JunSens/south-chalus:closure | JunSens/south-nowshahr_alt:closure | JunSens/south_10-chalus:closure | JunSens/south_10-nowshahr_alt:closure | JunSens/south_5-chalus:closure | JunSens/south_5-nowshahr_alt:closure,NO,Use 12-Jun version; no route/corridor effect,{},"{""highway"":""primary"",""lanes"":""2"",""lit"":""yes"",""maxspeed"":""50"",""name"":""بلوار شهید کریمی"",""name:en"":""Shahid Karimi Boulevard"",""oneway"":""yes"",""surface"":""asphalt""}","[2395333946,6362064248,5667204950,9123444104,5667204955,11832102524,11832102531,1375231713,3593751760,11832102534,5667204953]",,https://www.openstreetmap.org/way/123264825/history
way/123778948,7,2019-05-03 15:56:33+00:00,2024-04-02T08:27:34Z,8,2024-04-02T08:27:34Z,,A_NON_MATERIAL,Jan/west-chalus:base | Jan/west-chalus:closure | Jan/west-chalus_alt:base | Jan/west-chalus_alt:closure | Jan/west-kelardasht:base | Jan/west-kelardasht:closure | Jan/west-kelardasht_alt:base | Jan/west-kelardasht_alt:closure | Jan/west-nowshahr:base | Jan/west-nowshahr:closure | Jan/west-nowshahr_alt:base | Jan/west-nowshahr_alt:closure | Jun/west-chalus:base | Jun/west-chalus:closure | Jun/west-kelardasht:base | Jun/west-kelardasht:closure | Jun/west-nowshahr:base | Jun/west-nowshahr:closure | JunGate/west+0-chalus:base | JunGate/west+0-chalus:closure | JunGate/west+0-kelardasht:base | JunGate/west+0-kelardasht:closure | JunGate/west+0-nowshahr:base | JunGate/west+0-nowshahr:closure | JunGate/west+10-chalus:base | JunGate/west+10-chalus:closure | JunGate/west+10-kelardasht:base | JunGate/west+10-kelardasht:closure | JunGate/west+10-nowshahr:base | JunGate/west+10-nowshahr:closure | JunGate/west+5-chalus:base | JunGate/west+5-chalus:closure | JunGate/west+5-kelardasht:base | JunGate/west+5-kelardasht:closure | JunGate/west+5-nowshahr:base | JunGate/west+5-nowshahr:closure | JunSens/west-chalus:base | JunSens/west-chalus:closure | JunSens/west-chalus_alt:base | JunSens/west-chalus_alt:closure | JunSens/west-kelardasht:base | JunSens/west-kelardasht:closure | JunSens/west-kelardasht_alt:base | JunSens/west-kelardasht_alt:closure | JunSens/west-nowshahr:base | JunSens/west-nowshahr:closure | JunSens/west-nowshahr_alt:base | JunSens/west-nowshahr_alt:closure,NO,Use 12-Jun version; no route/corridor effect,"{""name"":[""میدان وادی"",""میدان شهدا""],""alt_name"":[null,""میدان وادی""]}","{""alt_name"":""میدان وادی"",""highway"":""primary"",""junction"":""roundabout"",""lanes"":""2"",""name"":""میدان شهدا"",""surface"":""asphalt""}","[1379249604,1379249600,5846426918,1379249595,5846426913,1345550044,1379249587,1379249584,1345550027,5846426914,1345550022,5846426915,1345550032,1379249589,1379249591,1379249599,5846426916,1345550055,1379249605,5846426917,1379249610,1379249608,1379249604]",,https://www.openstreetmap.org/way/123778948/history
way/123778956,10,2023-03-12 17:14:25+00:00,2024-04-30T09:15:00Z,11,2024-04-30T09:15:00Z,,A_NON_MATERIAL,Jan/west-chalus:base | Jan/west-chalus:closure | Jan/west-chalus_alt:base | Jan/west-chalus_alt:closure | Jan/west-kelardasht:base | Jan/west-kelardasht:closure | Jan/west-kelardasht_alt:base | Jan/west-kelardasht_alt:closure | Jan/west-nowshahr:base | Jan/west-nowshahr:closure | Jan/west-nowshahr_alt:base | Jan/west-nowshahr_alt:closure | Jun/west-chalus:base | Jun/west-chalus:closure | Jun/west-kelardasht:base | Jun/west-kelardasht:closure | Jun/west-nowshahr:base | Jun/west-nowshahr:closure | JunGate/west+0-chalus:base | JunGate/west+0-chalus:closure | JunGate/west+0-kelardasht:base | JunGate/west+0-kelardasht:closure | JunGate/west+0-nowshahr:base | JunGate/west+0-nowshahr:closure | JunGate/west+10-chalus:base | JunGate/west+10-chalus:closure | JunGate/west+10-kelardasht:base | JunGate/west+10-kelardasht:closure | JunGate/west+10-nowshahr:base | JunGate/west+10-nowshahr:closure | JunGate/west+5-chalus:base | JunGate/west+5-chalus:closure | JunGate/west+5-kelardasht:base | JunGate/west+5-kelardasht:closure | JunGate/west+5-nowshahr:base | JunGate/west+5-nowshahr:closure | JunSens/west-chalus:base | JunSens/west-chalus:closure | JunSens/west-chalus_alt:base | JunSens/west-chalus_alt:closure | JunSens/west-kelardasht:base | JunSens/west-kelardasht:closure | JunSens/west-kelardasht_alt:base | JunSens/west-kelardasht_alt:closure | JunSens/west-nowshahr:base | JunSens/west-nowshahr:closure | JunSens/west-nowshahr_alt:base | JunSens/west-nowshahr_alt:closure,NO,Use 12-Jun version; no route/corridor effect,"{""name"":[""میدان شیرودی"",""میدان شهید شیرودی""]}","{""highway"":""primary"",""junction"":""roundabout"",""lanes"":""2"",""name"":""میدان شهید شیرودی"",""surface"":""asphalt""}","[1379249920,1379249930,4413158787,1379249933,5859083734,4413158782,1379249936,5143788445,1379249932,1379249929,4413158783,1379249918,4413158784,1379249915,1379249912,1379249904,1379249893,4413158785,5143788450,275368105,10731042669,1379249914,1379249917,5143788449,1379249920]",,https://www.openstreetmap.org/way/123778956/history
way/170572008,31,2023-10-17 09:48:53+00:00,2024-01-29T08:02:55Z,32,2024-01-29T08:02:55Z,2025-07-15T22:36:03Z,C_TOPOLOGY,Jan/east-chalus:base | Jan/east-chalus:closure | Jan/east-chalus_alt:base | Jan/east-chalus_alt:closure | Jan/east-kelardasht:base | Jan/east-kelardasht:closure | Jan/east-kelardasht_alt:base | Jan/east-kelardasht_alt:closure | Jan/east-nowshahr:base | Jan/east-nowshahr:closure | Jan/east-nowshahr_alt:base | Jan/east-nowshahr_alt:closure | Jun/east-chalus:base | Jun/east-chalus:closure | Jun/east-kelardasht:base | Jun/east-kelardasht:closure | Jun/east-nowshahr:base | Jun/east-nowshahr:closure | JunGate/east+0-chalus:base | JunGate/east+0-chalus:closure | JunGate/east+0-kelardasht:base | JunGate/east+0-kelardasht:closure | JunGate/east+0-nowshahr:base | JunGate/east+0-nowshahr:closure | JunSens/east-chalus:base | JunSens/east-chalus:closure | JunSens/east-chalus_alt:base | JunSens/east-chalus_alt:closure | JunSens/east-kelardasht:base | JunSens/east-kelardasht:closure | JunSens/east-kelardasht_alt:base | JunSens/east-kelardasht_alt:closure | JunSens/east-nowshahr:base | JunSens/east-nowshahr:closure | JunSens/east-nowshahr_alt:base | JunSens/east-nowshahr_alt:closure,NO,Use 12-Jun version; no route/corridor effect,{},"{""highway"":""primary"",""lanes"":""2"",""name"":""بلوار امام رضا"",""name:en"":""Emam Reza Boulevard"",""oneway"":""yes""}","[11563513165,1817459326,1817459328,4152523836,1817459335,4150942058,4150942063,4150942027,4150941872,1817459363,4150941857,2158436307,1817459388,4150886582,4150886572,1817459415,7063619180,1817459426,7063693787,2158436391,1817459448,2156863959,1817459485,4150774540,4150774535,4150774534,2158435766,1817459502,1817459529,8778232664,4150770405,1817459567,1817459615,1817459626,4150770395,1817459649,6013873920,1817459653,4150770394,1817459657,1817459661,1817459685,1817459683,1817480997,2146139376,1817459659]",,https://www.openstreetmap.org/way/170572008/history
way/175866864,21,2022-05-08 21:18:08+00:00,2024-02-26T09:55:17Z,23,2024-02-26T09:55:17Z,2025-05-12T09:24:23Z,C_TOPOLOGY,Jan/south-chalus:closure | Jan/south-chalus_alt:closure | Jan/south-kelardasht:closure | Jan/south-kelardasht_alt:closure | Jan/south-nowshahr:closure | Jan/south-nowshahr_alt:closure | Jan/south_10-chalus:closure | Jan/south_10-chalus_alt:closure | Jan/south_10-kelardasht:closure | Jan/south_10-kelardasht_alt:closure | Jan/south_10-nowshahr:closure | Jan/south_10-nowshahr_alt:closure | Jan/south_5-chalus:closure | Jan/south_5-chalus_alt:closure | Jan/south_5-kelardasht:closure | Jan/south_5-kelardasht_alt:closure | Jan/south_5-nowshahr:closure | Jan/south_5-nowshahr_alt:closure | Jun/south-chalus:closure | Jun/south-kelardasht:closure | Jun/south-nowshahr:closure | JunGate/south+0-chalus:closure | JunGate/south+0-kelardasht:closure | JunGate/south+0-nowshahr:closure | JunGate/south+10-chalus:closure | JunGate/south+10-kelardasht:closure | JunGate/south+10-nowshahr:closure | JunGate/south+5-chalus:closure | JunGate/south+5-kelardasht:closure | JunGate/south+5-nowshahr:closure | JunSens/south-chalus:closure | JunSens/south-chalus_alt:closure | JunSens/south-kelardasht:closure | JunSens/south-kelardasht_alt:closure | JunSens/south-nowshahr:closure | JunSens/south-nowshahr_alt:closure | JunSens/south_10-chalus:closure | JunSens/south_10-chalus_alt:closure | JunSens/south_10-kelardasht:closure | JunSens/south_10-kelardasht_alt:closure | JunSens/south_10-nowshahr:closure | JunSens/south_10-nowshahr_alt:closure | JunSens/south_5-chalus:closure | JunSens/south_5-chalus_alt:closure | JunSens/south_5-kelardasht:closure | JunSens/south_5-kelardasht_alt:closure | JunSens/south_5-nowshahr:closure | JunSens/south_5-nowshahr_alt:closure,NO,Use 12-Jun version; no route/corridor effect,"{""old_name"":[""بزرگراه شمال عباس آباد"",null],""name"":[""بزرگراه شهید همت"",""پل سرلشکر خلبان شهید محمد حاجی""],""sorting_name"":[null,""شهید محمد حاجی""],""name:en"":[""Shahid Hemmat Expressway"",""Major General pilot Martyr Mohammad Haji Overpass""],""embankment"":[null,""yes""],""short_name"":[null,""پل شهید حاجی""]}","{""embankment"":""yes"",""full_name:fa"":""بزرگراه شهید محمدابراهیم همت"",""highway"":""trunk"",""lanes"":""4"",""maxspeed"":""90"",""name"":""پل سرلشکر خلبان شهید محمد حاجی"",""name:en"":""Major General pilot Martyr Mohammad Haji Overpass"",""oneway"":""yes"",""ref"":""14"",""short_name"":""پل شهید حاجی"",""sorting_name"":""شهید محمد حاجی"",""surface"":""asphalt""}","[4736153269,11664859088]",,https://www.openstreetmap.org/way/175866864/history
way/175866866,16,2023-12-15 18:22:07+00:00,2024-02-26T09:55:17Z,18,2024-02-26T09:55:17Z,2025-05-12T09:24:17Z,A_NON_MATERIAL,Jan/south-chalus:closure | Jan/south-chalus_alt:closure | Jan/south-kelardasht:closure | Jan/south-kelardasht_alt:closure | Jan/south-nowshahr:closure | Jan/south-nowshahr_alt:closure | Jan/south_10-chalus:closure | Jan/south_10-chalus_alt:closure | Jan/south_10-kelardasht:closure | Jan/south_10-kelardasht_alt:closure | Jan/south_10-nowshahr:closure | Jan/south_10-nowshahr_alt:closure | Jan/south_5-chalus:closure | Jan/south_5-chalus_alt:closure | Jan/south_5-kelardasht:closure | Jan/south_5-kelardasht_alt:closure | Jan/south_5-nowshahr:closure | Jan/south_5-nowshahr_alt:closure | Jun/south-chalus:closure | Jun/south-kelardasht:closure | Jun/south-nowshahr:closure | JunGate/south+0-chalus:closure | JunGate/south+0-kelardasht:closure | JunGate/south+0-nowshahr:closure | JunGate/south+10-chalus:closure | JunGate/south+10-kelardasht:closure | JunGate/south+10-nowshahr:closure | JunGate/south+5-chalus:closure | JunGate/south+5-kelardasht:closure | JunGate/south+5-nowshahr:closure | JunSens/south-chalus:closure | JunSens/south-chalus_alt:closure | JunSens/south-kelardasht:closure | JunSens/south-kelardasht_alt:closure | JunSens/south-nowshahr:closure | JunSens/south-nowshahr_alt:closure | JunSens/south_10-chalus:closure | JunSens/south_10-chalus_alt:closure | JunSens/south_10-kelardasht:closure | JunSens/south_10-kelardasht_alt:closure | JunSens/south_10-nowshahr:closure | JunSens/south_10-nowshahr_alt:closure | JunSens/south_5-chalus:closure | JunSens/south_5-chalus_alt:closure | JunSens/south_5-kelardasht:closure | JunSens/south_5-kelardasht_alt:closure | JunSens/south_5-nowshahr:closure | JunSens/south_5-nowshahr_alt:closure,NO,Use 12-Jun version; no route/corridor effect,"{""bridge:name"":[""پل سرلشگر خلبان شهید محمد حاجی"",null],""name"":[""بزرگراه شهید همت"",""پل سرلشکر خلبان شهید محمد حاجی""],""sorting_name"":[null,""شهید محمد حاجی""],""name:en"":[""Shahid Hemmat Expressway"",""Major General pilot Martyr Mohammad Haji Overpass""],""short_name"":[null,""پل شهید حاجی""]}","{""bridge"":""yes"",""full_name:fa"":""بزرگراه شهید همت"",""highway"":""trunk"",""lanes"":""4"",""layer"":""1"",""maxspeed"":""90"",""name"":""پل سرلشکر خلبان شهید محمد حاجی"",""name:en"":""Major General pilot Martyr Mohammad Haji Overpass"",""oneway"":""yes"",""ref"":""14"",""short_name"":""پل شهید حاجی"",""sorting_name"":""شهید محمد حاجی"",""surface"":""asphalt""}","[34024778,4092524004,4736153269]",,https://www.openstreetmap.org/way/175866866/history
way/178067616,5,2019-04-11 06:37:24+00:00,2024-06-08T08:11:11Z,6,2024-06-08T08:11:11Z,2024-08-13T08:29:21Z,B_ROUTING_ATTRIBUTE,Jan/south-chalus:closure | Jan/south-chalus_alt:closure | Jan/south-kelardasht:closure | Jan/south-kelardasht_alt:closure | Jan/south-nowshahr:closure | Jan/south-nowshahr_alt:closure | Jan/south_10-chalus:closure | Jan/south_10-chalus_alt:closure | Jan/south_10-kelardasht:closure | Jan/south_10-kelardasht_alt:closure | Jan/south_10-nowshahr:closure | Jan/south_10-nowshahr_alt:closure | Jan/south_5-chalus:closure | Jan/south_5-chalus_alt:closure | Jan/south_5-kelardasht:closure | Jan/south_5-kelardasht_alt:closure | Jan/south_5-nowshahr:closure | Jan/south_5-nowshahr_alt:closure | Jun/south-chalus:closure | Jun/south-kelardasht:closure | Jun/south-nowshahr:closure | JunGate/south+0-chalus:closure | JunGate/south+0-kelardasht:closure | JunGate/south+0-nowshahr:closure | JunGate/south+10-chalus:closure | JunGate/south+10-kelardasht:closure | JunGate/south+10-nowshahr:closure | JunGate/south+5-chalus:closure | JunGate/south+5-kelardasht:closure | JunGate/south+5-nowshahr:closure | JunSens/south-chalus:closure | JunSens/south-chalus_alt:closure | JunSens/south-kelardasht:closure | JunSens/south-kelardasht_alt:closure | JunSens/south-nowshahr:closure | JunSens/south-nowshahr_alt:closure | JunSens/south_10-chalus:closure | JunSens/south_10-chalus_alt:closure | JunSens/south_10-kelardasht:closure | JunSens/south_10-kelardasht_alt:closure | JunSens/south_10-nowshahr:closure | JunSens/south_10-nowshahr_alt:closure | JunSens/south_5-chalus:closure | JunSens/south_5-chalus_alt:closure | JunSens/south_5-kelardasht:closure | JunSens/south_5-kelardasht_alt:closure | JunSens/south_5-nowshahr:closure | JunSens/south_5-nowshahr_alt:closure,NO,Use 12-Jun version; no route/corridor effect,"{""highway"":[""trunk"",""primary""]}","{""embankment"":""yes"",""highway"":""primary"",""maxspeed"":""60"",""name"":""امام خمینی"",""oneway"":""yes"",""ref"":""77""}","[1884463009,1884463126,1884463127,1884463128,1884463129,1884463130]",,https://www.openstreetmap.org/way/178067616/history
way/178080036,7,2019-03-19 10:05:03+00:00,2024-01-25T08:28:11Z,8,2024-01-25T08:28:11Z,2026-02-18T21:38:09Z,A_NON_MATERIAL,Jan/south-chalus:closure | Jan/south-chalus_alt:closure | Jan/south-kelardasht:closure | Jan/south-kelardasht_alt:closure | Jan/south-nowshahr:closure | Jan/south-nowshahr_alt:closure | Jan/south_10-chalus:closure | Jan/south_10-chalus_alt:closure | Jan/south_10-kelardasht:closure | Jan/south_10-kelardasht_alt:closure | Jan/south_10-nowshahr:closure | Jan/south_10-nowshahr_alt:closure | Jan/south_5-chalus:closure | Jan/south_5-chalus_alt:closure | Jan/south_5-kelardasht:closure | Jan/south_5-kelardasht_alt:closure | Jan/south_5-nowshahr:closure | Jan/south_5-nowshahr_alt:closure | Jun/south-chalus:closure | Jun/south-kelardasht:closure | Jun/south-nowshahr:closure | JunGate/south+0-chalus:closure | JunGate/south+0-kelardasht:closure | JunGate/south+0-nowshahr:closure | JunGate/south+10-chalus:closure | JunGate/south+10-kelardasht:closure | JunGate/south+10-nowshahr:closure | JunGate/south+5-chalus:closure | JunGate/south+5-kelardasht:closure | JunGate/south+5-nowshahr:closure | JunSens/south-chalus:closure | JunSens/south-chalus_alt:closure | JunSens/south-kelardasht:closure | JunSens/south-kelardasht_alt:closure | JunSens/south-nowshahr:closure | JunSens/south-nowshahr_alt:closure | JunSens/south_10-chalus:closure | JunSens/south_10-chalus_alt:closure | JunSens/south_10-kelardasht:closure | JunSens/south_10-kelardasht_alt:closure | JunSens/south_10-nowshahr:closure | JunSens/south_10-nowshahr_alt:closure | JunSens/south_5-chalus:closure | JunSens/south_5-chalus_alt:closure | JunSens/south_5-kelardasht:closure | JunSens/south_5-kelardasht_alt:closure | JunSens/south_5-nowshahr:closure | JunSens/south_5-nowshahr_alt:closure,NO,Use 12-Jun version; no route/corridor effect,"{""name"":[null,""جاده تهران - هراز""]}","{""highway"":""trunk"",""maxspeed"":""80"",""name"":""جاده تهران - هراز"",""oneway"":""yes"",""ref"":""77""}","[1884564790,1884564792,1884564793,1884564794,1884564795,1884564798,1884564799,1884564800,1884564801,1884564802,1884564804,1884564805,1884564806,1884564807,1884564808,1884564809,1884564810,1884564811,1884564813,1884564814,1884564815,1884564816,1884564817,1884564818,1884564819,1884564822,1884564823,1884564824,6258002522]",,https://www.openstreetmap.org/way/178080036/history
way/178080037,10,2019-03-19 10:05:03+00:00,2024-01-25T08:28:11Z,11,2024-01-25T08:28:11Z,2026-02-18T21:38:09Z,A_NON_MATERIAL,Jan/south-chalus:closure | Jan/south-chalus_alt:closure | Jan/south-kelardasht:closure | Jan/south-kelardasht_alt:closure | Jan/south-nowshahr:closure | Jan/south-nowshahr_alt:closure | Jan/south_10-chalus:closure | Jan/south_10-chalus_alt:closure | Jan/south_10-kelardasht:closure | Jan/south_10-kelardasht_alt:closure | Jan/south_10-nowshahr:closure | Jan/south_10-nowshahr_alt:closure | Jan/south_5-chalus:closure | Jan/south_5-chalus_alt:closure | Jan/south_5-kelardasht:closure | Jan/south_5-kelardasht_alt:closure | Jan/south_5-nowshahr:closure | Jan/south_5-nowshahr_alt:closure | Jun/south-chalus:closure | Jun/south-kelardasht:closure | Jun/south-nowshahr:closure | JunGate/south+0-chalus:closure | JunGate/south+0-kelardasht:closure | JunGate/south+0-nowshahr:closure | JunGate/south+10-chalus:closure | JunGate/south+10-kelardasht:closure | JunGate/south+10-nowshahr:closure | JunGate/south+5-chalus:closure | JunGate/south+5-kelardasht:closure | JunGate/south+5-nowshahr:closure | JunSens/south-chalus:closure | JunSens/south-chalus_alt:closure | JunSens/south-kelardasht:closure | JunSens/south-kelardasht_alt:closure | JunSens/south-nowshahr:closure | JunSens/south-nowshahr_alt:closure | JunSens/south_10-chalus:closure | JunSens/south_10-chalus_alt:closure | JunSens/south_10-kelardasht:closure | JunSens/south_10-kelardasht_alt:closure | JunSens/south_10-nowshahr:closure | JunSens/south_10-nowshahr_alt:closure | JunSens/south_5-chalus:closure | JunSens/south_5-chalus_alt:closure | JunSens/south_5-kelardasht:closure | JunSens/south_5-kelardasht_alt:closure | JunSens/south_5-nowshahr:closure | JunSens/south_5-nowshahr_alt:closure,NO,Use 12-Jun version; no route/corridor effect,"{""name"":[""به طرف هراز"",""جاده تهران - هراز""]}","{""highway"":""trunk"",""lanes"":""2"",""maxspeed"":""80"",""name"":""جاده تهران - هراز"",""oneway"":""yes"",""ref"":""77""}","[1884564847,1884564849,1884564850,1884564851,1884564854,1884564855,1884564856,6289765586,1884564857,6289765587,1884564858,1884564859,1884564860,6289757082,1884564861,6289757084,1884564863,1884564864,1884564865,1884564866,1884564867,1884564868,1884564869,1884564870,1884564872,1884564873,1884564874,1884564875,6289757076,1884564876,1884564877,1884564878,1884564879,6289757074,1884564881,1884564882,6289757073,1884564883,1884564884,1884564885,1884564886,1884564887,1884564888,1884564890,1884564891,1884564892,1884564895,1884564896,1884564897,1884564898,1884564899,1884564900,1884564901,1884564902,1884564904,1884564905,1884564906,6289757067,1884564907,1884564908,1884564909,1884564910,1884564911,1884564912,1884564913,1884564914,1884564915,1884564917,1884564918,1884564919,1884564920,1884564922,1884564923,1884564924,1884564925,1884564926,1884564927,1884564928,1884564930,1884564931,1884564932,1884564933,1884564934,1884564935,1884564936,1884564937,1884564939,1884564940,1884564941,1884564942,1884564943,1884564944,1884564945,1884564947,1884564948,1884564949,1884564950,1884564951,5986197338,1884564952,1884564953,1884564954,1884564955,1884564957,6254219358]",,https://www.openstreetmap.org/way/178080037/history
way/182170961,3,2019-04-11 06:37:24+00:00,2024-06-08T08:11:11Z,4,2024-06-08T08:11:11Z,2024-08-13T08:29:21Z,B_ROUTING_ATTRIBUTE,Jan/south-chalus:closure | Jan/south-chalus_alt:closure | Jan/south-kelardasht:closure | Jan/south-kelardasht_alt:closure | Jan/south-nowshahr:closure | Jan/south-nowshahr_alt:closure | Jan/south_10-chalus:closure | Jan/south_10-chalus_alt:closure | Jan/south_10-kelardasht:closure | Jan/south_10-kelardasht_alt:closure | Jan/south_10-nowshahr:closure | Jan/south_10-nowshahr_alt:closure | Jan/south_5-chalus:closure | Jan/south_5-chalus_alt:closure | Jan/south_5-kelardasht:closure | Jan/south_5-kelardasht_alt:closure | Jan/south_5-nowshahr:closure | Jan/south_5-nowshahr_alt:closure | Jun/south-chalus:closure | Jun/south-kelardasht:closure | Jun/south-nowshahr:closure | JunGate/south+0-chalus:closure | JunGate/south+0-kelardasht:closure | JunGate/south+0-nowshahr:closure | JunGate/south+10-chalus:closure | JunGate/south+10-kelardasht:closure | JunGate/south+10-nowshahr:closure | JunGate/south+5-chalus:closure | JunGate/south+5-kelardasht:closure | JunGate/south+5-nowshahr:closure | JunSens/south-chalus:closure | JunSens/south-chalus_alt:closure | JunSens/south-kelardasht:closure | JunSens/south-kelardasht_alt:closure | JunSens/south-nowshahr:closure | JunSens/south-nowshahr_alt:closure | JunSens/south_10-chalus:closure | JunSens/south_10-chalus_alt:closure | JunSens/south_10-kelardasht:closure | JunSens/south_10-kelardasht_alt:closure | JunSens/south_10-nowshahr:closure | JunSens/south_10-nowshahr_alt:closure | JunSens/south_5-chalus:closure | JunSens/south_5-chalus_alt:closure | JunSens/south_5-kelardasht:closure | JunSens/south_5-kelardasht_alt:closure | JunSens/south_5-nowshahr:closure | JunSens/south_5-nowshahr_alt:closure,NO,Use 12-Jun version; no route/corridor effect,"{""highway"":[""trunk"",""primary""]}","{""bridge"":""yes"",""highway"":""primary"",""layer"":""1"",""name"":""امام خمینی"",""oneway"":""yes"",""ref"":""77""}","[1884463130,1884463131,1884463132,1884463133,1884463134]",,https://www.openstreetmap.org/way/182170961/history
way/184492593,27,2022-07-15 09:19:16+00:00,2024-05-19T14:24:25Z,28,2024-05-19T14:24:25Z,2025-11-16T12:56:20Z,A_NON_MATERIAL,Jan/south-chalus:closure | Jan/south-chalus_alt:closure | Jan/south-kelardasht:closure | Jan/south-kelardasht_alt:closure | Jan/south-nowshahr:closure | Jan/south-nowshahr_alt:closure | Jan/south_10-chalus:closure | Jan/south_10-chalus_alt:closure | Jan/south_10-kelardasht:closure | Jan/south_10-kelardasht_alt:closure | Jan/south_10-nowshahr:closure | Jan/south_10-nowshahr_alt:closure | Jan/south_5-chalus:closure | Jan/south_5-chalus_alt:closure | Jan/south_5-kelardasht:closure | Jan/south_5-kelardasht_alt:closure | Jan/south_5-nowshahr:closure | Jan/south_5-nowshahr_alt:closure | Jun/south-chalus:closure | Jun/south-kelardasht:closure | Jun/south-nowshahr:closure | JunGate/south+0-chalus:closure | JunGate/south+0-kelardasht:closure | JunGate/south+0-nowshahr:closure | JunGate/south+10-chalus:closure | JunGate/south+10-kelardasht:closure | JunGate/south+10-nowshahr:closure | JunGate/south+5-chalus:closure | JunGate/south+5-kelardasht:closure | JunGate/south+5-nowshahr:closure | JunSens/south-chalus:closure | JunSens/south-chalus_alt:closure | JunSens/south-kelardasht:closure | JunSens/south-kelardasht_alt:closure | JunSens/south-nowshahr:closure | JunSens/south-nowshahr_alt:closure | JunSens/south_10-chalus:closure | JunSens/south_10-chalus_alt:closure | JunSens/south_10-kelardasht:closure | JunSens/south_10-kelardasht_alt:closure | JunSens/south_10-nowshahr:closure | JunSens/south_10-nowshahr_alt:closure | JunSens/south_5-chalus:closure | JunSens/south_5-chalus_alt:closure | JunSens/south_5-kelardasht:closure | JunSens/south_5-kelardasht_alt:closure | JunSens/south_5-nowshahr:closure | JunSens/south_5-nowshahr_alt:closure,NO,Use 12-Jun version; no route/corridor effect,{},"{""highway"":""trunk"",""lanes"":""3"",""maxspeed"":""110"",""name"":""جاده دماوند"",""name:en"":""Damavand Road"",""oneway"":""yes"",""ref"":""77""}","[32033462,918589131,1894526628,6765282356,1894526622,1894526617,32033407,5031195404,5031195396,1870234232,918588166,4736767654,27215640,27215641,1894526561,1894526555,32033886,1870233865,1870233846,11917888150,1894526173,32033910,32033906,27215645,4781714260,32034149,32034151,4781714272,32033902,9889292353,4781714266,9295190198,9295190190,2082962166,1397294922,918588010,4731204881,1397294924,4731204883,27215648,4893710950,1894526002,4731204884,5183907959,1870234161,5800410977,1870233731,27215766,1894525672,4731204899]",,https://www.openstreetmap.org/way/184492593/history
way/200926445,25,2023-03-13 11:59:56+00:00,2024-05-07T09:16:22Z,26,2024-05-07T09:16:22Z,2024-06-13T11:46:16Z,A_NON_MATERIAL,Jan/west-chalus:base | Jan/west-chalus:closure | Jan/west-chalus_alt:base | Jan/west-chalus_alt:closure | Jan/west-kelardasht:base | Jan/west-kelardasht:closure | Jan/west-kelardasht_alt:base | Jan/west-kelardasht_alt:closure | Jan/west-nowshahr:base | Jan/west-nowshahr:closure | Jan/west-nowshahr_alt:base | Jan/west-nowshahr_alt:closure | Jun/west-chalus:base | Jun/west-chalus:closure | Jun/west-kelardasht:base | Jun/west-kelardasht:closure | Jun/west-nowshahr:base | Jun/west-nowshahr:closure | JunGate/west+0-chalus:base | JunGate/west+0-chalus:closure | JunGate/west+0-kelardasht:base | JunGate/west+0-kelardasht:closure | JunGate/west+0-nowshahr:base | JunGate/west+0-nowshahr:closure | JunSens/west-chalus:base | JunSens/west-chalus:closure | JunSens/west-chalus_alt:base | JunSens/west-chalus_alt:closure | JunSens/west-kelardasht:base | JunSens/west-kelardasht:closure | JunSens/west-kelardasht_alt:base | JunSens/west-kelardasht_alt:closure | JunSens/west-nowshahr:base | JunSens/west-nowshahr:closure | JunSens/west-nowshahr_alt:base | JunSens/west-nowshahr_alt:closure,NO,Use 12-Jun version; no route/corridor effect,"{""name"":[""بلوار امام رضا"",""دانش آموزان نام آور""],""alt_name"":[""دانش آموزان نام آور"",""بلوار امام رضا""]}","{""alt_name"":""بلوار امام رضا"",""highway"":""trunk"",""lanes"":""2"",""lit"":""yes"",""maxspeed"":""50"",""name"":""دانش آموزان نام آور"",""oneway"":""yes"",""ref"":""22"",""sidewalk"":""yes"",""surface"":""asphalt""}","[3823218999,4922488025,6433740083,3823218987,6411388813,6403597775,3823218977,2624547415,6046245999,6403598590,3823218970,6046245989,6411388811,2108868061,2108868062,6043621791,2108868082]",,https://www.openstreetmap.org/way/200926445/history
way/200926459,10,2023-03-13 11:59:56+00:00,2024-02-27T13:11:38Z,13,2024-02-27T13:11:38Z,,A_NON_MATERIAL,Jan/west-chalus:base | Jan/west-chalus:closure | Jan/west-chalus_alt:base | Jan/west-chalus_alt:closure | Jan/west-kelardasht:base | Jan/west-kelardasht:closure | Jan/west-kelardasht_alt:base | Jan/west-kelardasht_alt:closure | Jan/west-nowshahr:base | Jan/west-nowshahr:closure | Jan/west-nowshahr_alt:base | Jan/west-nowshahr_alt:closure | Jun/west-chalus:base | Jun/west-chalus:closure | Jun/west-kelardasht:base | Jun/west-kelardasht:closure | Jun/west-nowshahr:base | Jun/west-nowshahr:closure | JunGate/west+0-chalus:base | JunGate/west+0-chalus:closure | JunGate/west+0-kelardasht:base | JunGate/west+0-kelardasht:closure | JunGate/west+0-nowshahr:base | JunGate/west+0-nowshahr:closure | JunSens/west-chalus:base | JunSens/west-chalus:closure | JunSens/west-chalus_alt:base | JunSens/west-chalus_alt:closure | JunSens/west-kelardasht:base | JunSens/west-kelardasht:closure | JunSens/west-kelardasht_alt:base | JunSens/west-kelardasht_alt:closure | JunSens/west-nowshahr:base | JunSens/west-nowshahr:closure | JunSens/west-nowshahr_alt:base | JunSens/west-nowshahr_alt:closure,NO,Use 12-Jun version; no route/corridor effect,"{""name"":[""میدان شهید خلعتبری"",""میدان امیر سرلشکر خلبان شهید حسین خلعتبری""],""sorting_name"":[null,""شهید حسین خلعتبری""],""name:en"":[""Khalatbari Square"",""Major General Martyr Hossein Khalatbari Sq.""],""alt_name"":[""میدان امیر سرلشگر خلبان حسین خلعتبری"",null],""short_name"":[null,""میدان شهید خلعتبری""]}","{""highway"":""trunk"",""junction"":""roundabout"",""lanes"":""2"",""lit"":""yes"",""maxspeed"":""30"",""name"":""میدان امیر سرلشکر خلبان شهید حسین خلعتبری"",""name:en"":""Major General Martyr Hossein Khalatbari Sq."",""ref"":""22"",""short_name"":""میدان شهید خلعتبری"",""sidewalk"":""yes"",""sorting_name"":""شهید حسین خلعتبری"",""surface"":""asphalt""}","[2108868097,2108868098,2108868099,2108868100,2108868101,2108868102,2108868103,2108868104,2108868063,2108868105,2108868106,2108868108,2108868110,2108868112,2108868125,2108868082,2108868127,2108868130,2108868132,2108868135,2108868136,2108868138,2108868140,2108868142,2108868097]",,https://www.openstreetmap.org/way/200926459/history
way/200926485,24,2023-06-18 02:54:55+00:00,2024-05-07T08:53:04Z,25,2024-05-07T08:53:04Z,,A_NON_MATERIAL,Jan/west-chalus:base | Jan/west-chalus:closure | Jan/west-chalus_alt:base | Jan/west-chalus_alt:closure | Jan/west-kelardasht:base | Jan/west-kelardasht:closure | Jan/west-kelardasht_alt:base | Jan/west-kelardasht_alt:closure | Jan/west-nowshahr:base | Jan/west-nowshahr:closure | Jan/west-nowshahr_alt:base | Jan/west-nowshahr_alt:closure | Jun/west-chalus:base | Jun/west-chalus:closure | Jun/west-kelardasht:base | Jun/west-kelardasht:closure | Jun/west-nowshahr:base | Jun/west-nowshahr:closure | JunGate/west+0-chalus:base | JunGate/west+0-chalus:closure | JunGate/west+0-kelardasht:base | JunGate/west+0-kelardasht:closure | JunGate/west+0-nowshahr:base | JunGate/west+0-nowshahr:closure | JunGate/west+10-chalus:base | JunGate/west+10-chalus:closure | JunGate/west+10-kelardasht:base | JunGate/west+10-kelardasht:closure | JunGate/west+10-nowshahr:base | JunGate/west+10-nowshahr:closure | JunGate/west+5-chalus:base | JunGate/west+5-chalus:closure | JunGate/west+5-kelardasht:base | JunGate/west+5-kelardasht:closure | JunGate/west+5-nowshahr:base | JunGate/west+5-nowshahr:closure | JunSens/west-chalus:base | JunSens/west-chalus:closure | JunSens/west-chalus_alt:base | JunSens/west-chalus_alt:closure | JunSens/west-kelardasht:base | JunSens/west-kelardasht:closure | JunSens/west-kelardasht_alt:base | JunSens/west-kelardasht_alt:closure | JunSens/west-nowshahr:base | JunSens/west-nowshahr:closure | JunSens/west-nowshahr_alt:base | JunSens/west-nowshahr_alt:closure,NO,Use 12-Jun version; no route/corridor effect,{},"{""highway"":""trunk"",""lanes"":""2"",""lit"":""yes"",""maxspeed"":""60"",""name"":""جاده ساحلی"",""oneway"":""yes"",""ref"":""22"",""sidewalk"":""yes"",""surface"":""asphalt""}","[10732232495,2108868262,8625595009,2108868263,4325690180,6411388799,10983331433,2108868264,2398719598,5141860240,6041796762,1491212234,5141860222,1491212230,275368064,2398719562,1491212227,6041796745,275368065,5141860221,2398719544,1491212224,1491212215,6041742371,2398719529,275368066,1491212208,1491212207,275368067,2398719522,1491212205,275368068,2398719506,6041712104,1491212188,6041712095,6041712091,2398719485,11886127401,1491212173,6411388792,6435377667,3245767350,6435377657,1491212162]",,https://www.openstreetmap.org/way/200926485/history
way/203057836,21,2023-06-14 12:46:04+00:00,2024-01-30T06:57:36Z,22,2024-01-30T06:57:36Z,2024-06-17T17:21:11Z,A_NON_MATERIAL,Jan/south-chalus:closure | Jan/south-chalus_alt:closure | Jan/south-kelardasht:closure | Jan/south-kelardasht_alt:closure | Jan/south-nowshahr:closure | Jan/south-nowshahr_alt:closure | Jan/south_10-chalus:closure | Jan/south_10-chalus_alt:closure | Jan/south_10-kelardasht:closure | Jan/south_10-kelardasht_alt:closure | Jan/south_10-nowshahr:closure | Jan/south_10-nowshahr_alt:closure | Jan/south_5-chalus:closure | Jan/south_5-chalus_alt:closure | Jan/south_5-kelardasht:closure | Jan/south_5-kelardasht_alt:closure | Jan/south_5-nowshahr:closure | Jan/south_5-nowshahr_alt:closure | Jun/south-chalus:closure | Jun/south-kelardasht:closure | Jun/south-nowshahr:closure | JunGate/south+0-chalus:closure | JunGate/south+0-kelardasht:closure | JunGate/south+0-nowshahr:closure | JunGate/south+10-chalus:closure | JunGate/south+10-kelardasht:closure | JunGate/south+10-nowshahr:closure | JunGate/south+5-chalus:closure | JunGate/south+5-kelardasht:closure | JunGate/south+5-nowshahr:closure | JunSens/south-chalus:closure | JunSens/south-chalus_alt:closure | JunSens/south-kelardasht:closure | JunSens/south-kelardasht_alt:closure | JunSens/south-nowshahr:closure | JunSens/south-nowshahr_alt:closure | JunSens/south_10-chalus:closure | JunSens/south_10-chalus_alt:closure | JunSens/south_10-kelardasht:closure | JunSens/south_10-kelardasht_alt:closure | JunSens/south_10-nowshahr:closure | JunSens/south_10-nowshahr_alt:closure | JunSens/south_5-chalus:closure | JunSens/south_5-chalus_alt:closure | JunSens/south_5-kelardasht:closure | JunSens/south_5-kelardasht_alt:closure | JunSens/south_5-nowshahr:closure | JunSens/south_5-nowshahr_alt:closure,NO,Use 12-Jun version; no route/corridor effect,{},"{""highway"":""trunk"",""maxspeed"":""80"",""name"":""جاده هراز"",""name:en"":""Haraz Road"",""oneway"":""yes"",""ref"":""77""}","[254646533,10976724161,6550759740,5041772228,254646534,9892944069,254646535,254646536,254646537,5041772231,11568450879,254646539,11568450880,11568450881,254646540,9892962744,254646541,5041772233,254646542,7215950714,254646543,7215950712,254646544,9892944096,9892944095,254646545,254646546,254646548,254646549,254646550,254646551,254646552,254646553,5041772237,9806522709,5041772238]",,https://www.openstreetmap.org/way/203057836/history
way/203109898,8,2022-08-03 06:17:30+00:00,2024-03-05T12:52:03Z,9,2024-03-05T12:52:03Z,,A_NON_MATERIAL,Jan/south-chalus:closure | Jan/south-chalus_alt:closure | Jan/south-kelardasht:closure | Jan/south-kelardasht_alt:closure | Jan/south-nowshahr:closure | Jan/south-nowshahr_alt:closure | Jan/south_10-chalus:closure | Jan/south_10-chalus_alt:closure | Jan/south_10-kelardasht:closure | Jan/south_10-kelardasht_alt:closure | Jan/south_10-nowshahr:closure | Jan/south_10-nowshahr_alt:closure | Jan/south_5-chalus:closure | Jan/south_5-chalus_alt:closure | Jan/south_5-kelardasht:closure | Jan/south_5-kelardasht_alt:closure | Jan/south_5-nowshahr:closure | Jan/south_5-nowshahr_alt:closure | Jun/south-chalus:closure | Jun/south-kelardasht:closure | Jun/south-nowshahr:closure | JunGate/south+0-chalus:closure | JunGate/south+0-kelardasht:closure | JunGate/south+0-nowshahr:closure | JunGate/south+10-chalus:closure | JunGate/south+10-kelardasht:closure | JunGate/south+10-nowshahr:closure | JunGate/south+5-chalus:closure | JunGate/south+5-kelardasht:closure | JunGate/south+5-nowshahr:closure | JunSens/south-chalus:closure | JunSens/south-chalus_alt:closure | JunSens/south-kelardasht:closure | JunSens/south-kelardasht_alt:closure | JunSens/south-nowshahr:closure | JunSens/south-nowshahr_alt:closure | JunSens/south_10-chalus:closure | JunSens/south_10-chalus_alt:closure | JunSens/south_10-kelardasht:closure | JunSens/south_10-kelardasht_alt:closure | JunSens/south_10-nowshahr:closure | JunSens/south_10-nowshahr_alt:closure | JunSens/south_5-chalus:closure | JunSens/south_5-chalus_alt:closure | JunSens/south_5-kelardasht:closure | JunSens/south_5-kelardasht_alt:closure | JunSens/south_5-nowshahr:closure | JunSens/south_5-nowshahr_alt:closure,NO,Use 12-Jun version; no route/corridor effect,"{""bridge"":[""viaduct"",""yes""]}","{""bridge"":""yes"",""highway"":""trunk"",""layer"":""1"",""maxspeed"":""80"",""name"":""جاده هراز"",""oneway"":""yes"",""ref"":""77""}","[2130786091,2130786093]",,https://www.openstreetmap.org/way/203109898/history
way/203222757,5,2022-08-03 06:17:30+00:00,2024-03-05T12:52:40Z,6,2024-03-05T12:52:40Z,,A_NON_MATERIAL,Jan/south-chalus:closure | Jan/south-chalus_alt:closure | Jan/south-kelardasht:closure | Jan/south-kelardasht_alt:closure | Jan/south-nowshahr:closure | Jan/south-nowshahr_alt:closure | Jan/south_10-chalus:closure | Jan/south_10-chalus_alt:closure | Jan/south_10-kelardasht:closure | Jan/south_10-kelardasht_alt:closure | Jan/south_10-nowshahr:closure | Jan/south_10-nowshahr_alt:closure | Jan/south_5-chalus:closure | Jan/south_5-chalus_alt:closure | Jan/south_5-kelardasht:closure | Jan/south_5-kelardasht_alt:closure | Jan/south_5-nowshahr:closure | Jan/south_5-nowshahr_alt:closure | Jun/south-chalus:closure | Jun/south-kelardasht:closure | Jun/south-nowshahr:closure | JunGate/south+0-chalus:closure | JunGate/south+0-kelardasht:closure | JunGate/south+0-nowshahr:closure | JunGate/south+10-chalus:closure | JunGate/south+10-kelardasht:closure | JunGate/south+10-nowshahr:closure | JunGate/south+5-chalus:closure | JunGate/south+5-kelardasht:closure | JunGate/south+5-nowshahr:closure | JunSens/south-chalus:closure | JunSens/south-chalus_alt:closure | JunSens/south-kelardasht:closure | JunSens/south-kelardasht_alt:closure | JunSens/south-nowshahr:closure | JunSens/south-nowshahr_alt:closure | JunSens/south_10-chalus:closure | JunSens/south_10-chalus_alt:closure | JunSens/south_10-kelardasht:closure | JunSens/south_10-kelardasht_alt:closure | JunSens/south_10-nowshahr:closure | JunSens/south_10-nowshahr_alt:closure | JunSens/south_5-chalus:closure | JunSens/south_5-chalus_alt:closure | JunSens/south_5-kelardasht:closure | JunSens/south_5-kelardasht_alt:closure | JunSens/south_5-nowshahr:closure | JunSens/south_5-nowshahr_alt:closure,NO,Use 12-Jun version; no route/corridor effect,"{""bridge"":[""viaduct"",""yes""]}","{""bridge"":""yes"",""highway"":""trunk"",""lanes"":""2"",""layer"":""1"",""maxspeed"":""80"",""name"":""جاده هراز"",""oneway"":""yes"",""ref"":""77""}","[2132039977,2132039872]",,https://www.openstreetmap.org/way/203222757/history
way/203223216,25,2023-03-29 21:25:06+00:00,2024-05-27T12:46:32Z,27,2024-05-27T12:46:32Z,2024-07-08T04:13:33Z,C_TOPOLOGY,Jan/south-chalus:closure | Jan/south-chalus_alt:closure | Jan/south-kelardasht:closure | Jan/south-kelardasht_alt:closure | Jan/south-nowshahr:closure | Jan/south-nowshahr_alt:closure | Jan/south_10-chalus:closure | Jan/south_10-chalus_alt:closure | Jan/south_10-kelardasht:closure | Jan/south_10-kelardasht_alt:closure | Jan/south_10-nowshahr:closure | Jan/south_10-nowshahr_alt:closure | Jan/south_5-chalus:closure | Jan/south_5-chalus_alt:closure | Jan/south_5-kelardasht:closure | Jan/south_5-kelardasht_alt:closure | Jan/south_5-nowshahr:closure | Jan/south_5-nowshahr_alt:closure | Jun/south-chalus:closure | Jun/south-kelardasht:closure | Jun/south-nowshahr:closure | JunGate/south+0-chalus:closure | JunGate/south+0-kelardasht:closure | JunGate/south+0-nowshahr:closure | JunGate/south+10-chalus:closure | JunGate/south+10-kelardasht:closure | JunGate/south+10-nowshahr:closure | JunGate/south+5-chalus:closure | JunGate/south+5-kelardasht:closure | JunGate/south+5-nowshahr:closure | JunSens/south-chalus:closure | JunSens/south-chalus_alt:closure | JunSens/south-kelardasht:closure | JunSens/south-kelardasht_alt:closure | JunSens/south-nowshahr:closure | JunSens/south-nowshahr_alt:closure | JunSens/south_10-chalus:closure | JunSens/south_10-chalus_alt:closure | JunSens/south_10-kelardasht:closure | JunSens/south_10-kelardasht_alt:closure | JunSens/south_10-nowshahr:closure | JunSens/south_10-nowshahr_alt:closure | JunSens/south_5-chalus:closure | JunSens/south_5-chalus_alt:closure | JunSens/south_5-kelardasht:closure | JunSens/south_5-kelardasht_alt:closure | JunSens/south_5-nowshahr:closure | JunSens/south_5-nowshahr_alt:closure,NO,Use 12-Jun version; no route/corridor effect,{},"{""highway"":""trunk"",""maxspeed"":""80"",""name"":""جاده هراز"",""name:en"":""Haraz Road"",""oneway"":""yes"",""ref"":""77""}","[3718329607,11793713047,3718329606,27216693,3718329605,27216699,10771927935,3718329604,10771927934,7644118109,2132044612,7644118132,3718328809,11793713049,27216701,11937087862,4379133791,27216705,4379133792,4379133793,27216709,7218294551,27216713,10768359353,4379133794,27216717,4379133795,27216726,27216728,10768359314,4379133796,2221251698,7309661296,27216730,4379133797,4379133798,7309661329,27216732,8518141246,3159182526]",,https://www.openstreetmap.org/way/203223216/history
way/203223758,11,2022-08-03 06:17:30+00:00,2024-05-28T17:39:20Z,12,2024-05-28T17:39:20Z,,A_NON_MATERIAL,Jan/south-chalus:closure | Jan/south-chalus_alt:closure | Jan/south-kelardasht:closure | Jan/south-kelardasht_alt:closure | Jan/south-nowshahr:closure | Jan/south-nowshahr_alt:closure | Jan/south_10-chalus:closure | Jan/south_10-chalus_alt:closure | Jan/south_10-kelardasht:closure | Jan/south_10-kelardasht_alt:closure | Jan/south_10-nowshahr:closure | Jan/south_10-nowshahr_alt:closure | Jan/south_5-chalus:closure | Jan/south_5-chalus_alt:closure | Jan/south_5-kelardasht:closure | Jan/south_5-kelardasht_alt:closure | Jan/south_5-nowshahr:closure | Jan/south_5-nowshahr_alt:closure | Jun/south-chalus:closure | Jun/south-kelardasht:closure | Jun/south-nowshahr:closure | JunGate/south+0-chalus:closure | JunGate/south+0-kelardasht:closure | JunGate/south+0-nowshahr:closure | JunGate/south+10-chalus:closure | JunGate/south+10-kelardasht:closure | JunGate/south+10-nowshahr:closure | JunGate/south+5-chalus:closure | JunGate/south+5-kelardasht:closure | JunGate/south+5-nowshahr:closure | JunSens/south-chalus:closure | JunSens/south-chalus_alt:closure | JunSens/south-kelardasht:closure | JunSens/south-kelardasht_alt:closure | JunSens/south-nowshahr:closure | JunSens/south-nowshahr_alt:closure | JunSens/south_10-chalus:closure | JunSens/south_10-chalus_alt:closure | JunSens/south_10-kelardasht:closure | JunSens/south_10-kelardasht_alt:closure | JunSens/south_10-nowshahr:closure | JunSens/south_10-nowshahr_alt:closure | JunSens/south_5-chalus:closure | JunSens/south_5-chalus_alt:closure | JunSens/south_5-kelardasht:closure | JunSens/south_5-kelardasht_alt:closure | JunSens/south_5-nowshahr:closure | JunSens/south_5-nowshahr_alt:closure,NO,Use 12-Jun version; no route/corridor effect,{},"{""highway"":""trunk"",""maxspeed"":""80"",""name"":""جاده هراز"",""oneway"":""yes"",""ref"":""77""}","[2130786093,2132047828,8513607591,11940225471,2279620968]",,https://www.openstreetmap.org/way/203223758/history
way/203846285,36,2023-03-29 22:39:47+00:00,2024-05-12T11:33:13Z,37,2024-05-12T11:33:13Z,2026-08-14T12:15:37Z,A_NON_MATERIAL,Jan/south-chalus:base | Jan/south-chalus_alt:base | Jan/south-kelardasht:base | Jan/south-kelardasht_alt:base | Jan/south-nowshahr:base | Jan/south-nowshahr_alt:base | Jan/south_10-chalus:closure | Jan/south_10-chalus_alt:closure | Jan/south_10-kelardasht:closure | Jan/south_10-kelardasht_alt:closure | Jan/south_10-nowshahr:closure | Jan/south_10-nowshahr_alt:closure | Jan/south_5-chalus:closure | Jan/south_5-chalus_alt:closure | Jan/south_5-kelardasht:closure | Jan/south_5-kelardasht_alt:closure | Jan/south_5-nowshahr:closure | Jan/south_5-nowshahr_alt:closure | Jun/south-chalus:base | Jun/south-kelardasht:base | Jun/south-nowshahr:base | JunGate/south+0-chalus:base | JunGate/south+0-kelardasht:base | JunGate/south+0-nowshahr:base | JunGate/south+10-chalus:closure | JunGate/south+10-kelardasht:closure | JunGate/south+10-nowshahr:closure | JunGate/south+5-chalus:closure | JunGate/south+5-kelardasht:closure | JunGate/south+5-nowshahr:closure | JunSens/south-chalus:base | JunSens/south-chalus_alt:base | JunSens/south-kelardasht:base | JunSens/south-kelardasht_alt:base | JunSens/south-nowshahr:base | JunSens/south-nowshahr_alt:base | JunSens/south_10-chalus:closure | JunSens/south_10-chalus_alt:closure | JunSens/south_10-kelardasht:closure | JunSens/south_10-kelardasht_alt:closure | JunSens/south_10-nowshahr:closure | JunSens/south_10-nowshahr_alt:closure | JunSens/south_5-chalus:closure | JunSens/south_5-chalus_alt:closure | JunSens/south_5-kelardasht:closure | JunSens/south_5-kelardasht_alt:closure | JunSens/south_5-nowshahr:closure | JunSens/south_5-nowshahr_alt:closure,NO,Use 12-Jun version; no route/corridor effect,{},"{""hgv"":""no"",""highway"":""primary"",""lanes"":""2"",""maxspeed"":""60"",""motorcycle"":""no"",""name"":""جاده چالوس"",""name:en"":""Chalus Road"",""overtaking"":""no"",""ref"":""59"",""ref:fa"":""۵۹"",""surface"":""asphalt""}","[2957712990,31087339,2957712992,31087340,6213879772,2957712991,31087341,31087342,2957712994,6611684574,31087343,6611684572,31087345,2957712996,6600316850,2957712997,31087347,6220686980,6611684569,31087348,6220686979,2957712998,6220686978,31087349,6220686977,31087350,6611684568,31087351,6611684566,10769772348,31087352,2957713001,31087736,2957713000,31087737,10769772349,6611684563,31087738,6611684561,31087739,6600316847,6611684560,5748692715,6220686976,6611684559,6600316846,6600316845,31087740,6611684558,6611684557,31087741,6611684556,6611684555,31087742,6220686975,6600316844,6600316843,31087743,6220686974,31087744,31087745,6600316842,31087746,31087748,6611684553,31087749,31087750,3241439197,31087751,6611684552,31087752,6600316840,3241439198,31087753,6611684550,6611684551,31087754,6611684549,11898413185,31087755,31087756,31087757]",,https://www.openstreetmap.org/way/203846285/history
way/218735127,13,2023-04-26 12:20:39+00:00,2024-05-28T17:46:20Z,14,2024-05-28T17:46:20Z,2024-06-14T08:05:50Z,A_NON_MATERIAL,Jan/south-chalus:closure | Jan/south-chalus_alt:closure | Jan/south-kelardasht:closure | Jan/south-kelardasht_alt:closure | Jan/south-nowshahr:closure | Jan/south-nowshahr_alt:closure | Jan/south_10-chalus:closure | Jan/south_10-chalus_alt:closure | Jan/south_10-kelardasht:closure | Jan/south_10-kelardasht_alt:closure | Jan/south_10-nowshahr:closure | Jan/south_10-nowshahr_alt:closure | Jan/south_5-chalus:closure | Jan/south_5-chalus_alt:closure | Jan/south_5-kelardasht:closure | Jan/south_5-kelardasht_alt:closure | Jan/south_5-nowshahr:closure | Jan/south_5-nowshahr_alt:closure | Jun/south-chalus:closure | Jun/south-kelardasht:closure | Jun/south-nowshahr:closure | JunGate/south+0-chalus:closure | JunGate/south+0-kelardasht:closure | JunGate/south+0-nowshahr:closure | JunGate/south+10-chalus:closure | JunGate/south+10-kelardasht:closure | JunGate/south+10-nowshahr:closure | JunGate/south+5-chalus:closure | JunGate/south+5-kelardasht:closure | JunGate/south+5-nowshahr:closure | JunSens/south-chalus:closure | JunSens/south-chalus_alt:closure | JunSens/south-kelardasht:closure | JunSens/south-kelardasht_alt:closure | JunSens/south-nowshahr:closure | JunSens/south-nowshahr_alt:closure | JunSens/south_10-chalus:closure | JunSens/south_10-chalus_alt:closure | JunSens/south_10-kelardasht:closure | JunSens/south_10-kelardasht_alt:closure | JunSens/south_10-nowshahr:closure | JunSens/south_10-nowshahr_alt:closure | JunSens/south_5-chalus:closure | JunSens/south_5-chalus_alt:closure | JunSens/south_5-kelardasht:closure | JunSens/south_5-kelardasht_alt:closure | JunSens/south_5-nowshahr:closure | JunSens/south_5-nowshahr_alt:closure,NO,Use 12-Jun version; no route/corridor effect,{},"{""highway"":""trunk"",""maxspeed"":""80"",""name"":""جاده هراز"",""ref"":""77""}","[2279621053,2279621052,8984975023,2279621051,2279621050,2279621049,2279621048,2279621047,2279621046,2279621045,2279621044,2279621043,2279621042,2279621041,2279621040,2279621039,2279621038,2279621037,2279621036,2279621035,2279621034,2279621033,2279621032,2279621031,2279621030,2279621029,2279621028,2279621027,2279621026,2279621025,2279621024,2279621023,2279621022,2279621021,3242416180,2279621020,11940197843,8984975026,2279621018,2279621016]",,https://www.openstreetmap.org/way/218735127/history
way/229292737,15,2023-04-20 12:52:54+00:00,2024-04-27T09:25:12Z,16,2024-04-27T09:25:12Z,2024-12-20T12:50:15Z,A_NON_MATERIAL,Jan/east-chalus:base | Jan/east-chalus:closure | Jan/east-chalus_alt:base | Jan/east-chalus_alt:closure | Jan/east-kelardasht:base | Jan/east-kelardasht:closure | Jan/east-kelardasht_alt:base | Jan/east-kelardasht_alt:closure | Jan/east-nowshahr:base | Jan/east-nowshahr:closure | Jan/east-nowshahr_alt:base | Jan/east-nowshahr_alt:closure | Jun/east-chalus:base | Jun/east-chalus:closure | Jun/east-kelardasht:base | Jun/east-kelardasht:closure | Jun/east-nowshahr:base | Jun/east-nowshahr:closure | JunGate/east+0-chalus:base | JunGate/east+0-chalus:closure | JunGate/east+0-kelardasht:base | JunGate/east+0-kelardasht:closure | JunGate/east+0-nowshahr:base | JunGate/east+0-nowshahr:closure | JunGate/east+10-chalus:base | JunGate/east+10-chalus:closure | JunGate/east+10-kelardasht:base | JunGate/east+10-kelardasht:closure | JunGate/east+10-nowshahr:base | JunGate/east+10-nowshahr:closure | JunGate/east+5-chalus:base | JunGate/east+5-chalus:closure | JunGate/east+5-kelardasht:base | JunGate/east+5-kelardasht:closure | JunGate/east+5-nowshahr:base | JunGate/east+5-nowshahr:closure | JunSens/east-chalus:base | JunSens/east-chalus:closure | JunSens/east-chalus_alt:base | JunSens/east-chalus_alt:closure | JunSens/east-kelardasht:base | JunSens/east-kelardasht:closure | JunSens/east-kelardasht_alt:base | JunSens/east-kelardasht_alt:closure | JunSens/east-nowshahr:base | JunSens/east-nowshahr:closure | JunSens/east-nowshahr_alt:base | JunSens/east-nowshahr_alt:closure,NO,Use 12-Jun version; no route/corridor effect,{},"{""alt_name"":""شالیزار"",""highway"":""secondary"",""name"":""دریا ۲۵"",""oneway"":""yes""}","[2379123480,2379123512,2379123539,2379123571,2379123595,2379123614,11853918963,2379123640,2379123697,2379123672,7298121121,7298121127]",,https://www.openstreetmap.org/way/229292737/history
way/229292741,11,2023-06-11 09:21:27+00:00,2024-03-06T20:40:20Z,12,2024-03-06T20:40:20Z,,C_TOPOLOGY,Jan/east-chalus:base | Jan/east-chalus:closure | Jan/east-chalus_alt:base | Jan/east-chalus_alt:closure | Jan/east-kelardasht:base | Jan/east-kelardasht:closure | Jan/east-kelardasht_alt:base | Jan/east-kelardasht_alt:closure | Jan/east-nowshahr:base | Jan/east-nowshahr:closure | Jan/east-nowshahr_alt:base | Jan/east-nowshahr_alt:closure | Jun/east-chalus:base | Jun/east-chalus:closure | Jun/east-kelardasht:base | Jun/east-kelardasht:closure | Jun/east-nowshahr:base | Jun/east-nowshahr:closure | JunGate/east+0-chalus:base | JunGate/east+0-chalus:closure | JunGate/east+0-kelardasht:base | JunGate/east+0-kelardasht:closure | JunGate/east+0-nowshahr:base | JunGate/east+0-nowshahr:closure | JunGate/east+10-chalus:base | JunGate/east+10-chalus:closure | JunGate/east+10-kelardasht:base | JunGate/east+10-kelardasht:closure | JunGate/east+10-nowshahr:base | JunGate/east+10-nowshahr:closure | JunGate/east+5-chalus:base | JunGate/east+5-chalus:closure | JunGate/east+5-kelardasht:base | JunGate/east+5-kelardasht:closure | JunGate/east+5-nowshahr:base | JunGate/east+5-nowshahr:closure | JunSens/east-chalus:base | JunSens/east-chalus:closure | JunSens/east-chalus_alt:base | JunSens/east-chalus_alt:closure | JunSens/east-kelardasht:base | JunSens/east-kelardasht:closure | JunSens/east-kelardasht_alt:base | JunSens/east-kelardasht_alt:closure | JunSens/east-nowshahr:base | JunSens/east-nowshahr:closure | JunSens/east-nowshahr_alt:base | JunSens/east-nowshahr_alt:closure,NO,Use 12-Jun version; no route/corridor effect,{},"{""alt_name"":""میدان هاشمی زاده"",""foot"":""yes"",""highway"":""trunk"",""junction"":""roundabout"",""name"":""میدان سید سه نور"",""ref"":""22""}","[2379122849,2379122844,2379122841,2379122836,2379122832,2379122825,2379122821,2379122815,2379122810,2379122808,2379122811,2379122817,2379122823,2379122826,2379122833,2379122837,2379122843,2379122845,2379122850,2379122851,2379122849]",,https://www.openstreetmap.org/way/229292741/history
way/229292746,11,2023-07-08 08:59:39+00:00,2024-03-06T20:40:20Z,12,2024-03-06T20:40:20Z,2024-12-20T12:47:26Z,A_NON_MATERIAL,Jan/east-chalus:base | Jan/east-chalus:closure | Jan/east-chalus_alt:base | Jan/east-chalus_alt:closure | Jan/east-kelardasht:base | Jan/east-kelardasht:closure | Jan/east-kelardasht_alt:base | Jan/east-kelardasht_alt:closure | Jan/east-nowshahr:base | Jan/east-nowshahr:closure | Jan/east-nowshahr_alt:base | Jan/east-nowshahr_alt:closure | Jun/east-chalus:base | Jun/east-chalus:closure | Jun/east-kelardasht:base | Jun/east-kelardasht:closure | Jun/east-nowshahr:base | Jun/east-nowshahr:closure | JunGate/east+0-chalus:base | JunGate/east+0-chalus:closure | JunGate/east+0-kelardasht:base | JunGate/east+0-kelardasht:closure | JunGate/east+0-nowshahr:base | JunGate/east+0-nowshahr:closure | JunGate/east+10-chalus:base | JunGate/east+10-chalus:closure | JunGate/east+10-kelardasht:base | JunGate/east+10-kelardasht:closure | JunGate/east+10-nowshahr:base | JunGate/east+10-nowshahr:closure | JunGate/east+5-chalus:base | JunGate/east+5-chalus:closure | JunGate/east+5-kelardasht:base | JunGate/east+5-kelardasht:closure | JunGate/east+5-nowshahr:base | JunGate/east+5-nowshahr:closure | JunSens/east-chalus:base | JunSens/east-chalus:closure | JunSens/east-chalus_alt:base | JunSens/east-chalus_alt:closure | JunSens/east-kelardasht:base | JunSens/east-kelardasht:closure | JunSens/east-kelardasht_alt:base | JunSens/east-kelardasht_alt:closure | JunSens/east-nowshahr:base | JunSens/east-nowshahr:closure | JunSens/east-nowshahr_alt:base | JunSens/east-nowshahr_alt:closure,NO,Use 12-Jun version; no route/corridor effect,{},"{""foot"":""yes"",""highway"":""trunk"",""lanes"":""1"",""name"":""کمربندی غربی محمودآباد"",""oneway"":""yes"",""ref"":""22""}","[2379122895,2379122877,7608378980,6299621142,2379122863,2379122859,6478842699,2379122850]",,https://www.openstreetmap.org/way/229292746/history
way/230268443,24,2023-12-16 08:37:37+00:00,2024-04-08T07:25:51Z,25,2024-04-08T07:25:51Z,2024-07-08T07:12:15Z,A_NON_MATERIAL,Jan/south-chalus:closure | Jan/south-chalus_alt:closure | Jan/south-kelardasht:closure | Jan/south-kelardasht_alt:closure | Jan/south-nowshahr:closure | Jan/south-nowshahr_alt:closure | Jan/south_10-chalus:closure | Jan/south_10-chalus_alt:closure | Jan/south_10-kelardasht:closure | Jan/south_10-kelardasht_alt:closure | Jan/south_10-nowshahr:closure | Jan/south_10-nowshahr_alt:closure | Jan/south_5-chalus:closure | Jan/south_5-chalus_alt:closure | Jan/south_5-kelardasht:closure | Jan/south_5-kelardasht_alt:closure | Jan/south_5-nowshahr:closure | Jan/south_5-nowshahr_alt:closure | Jun/south-chalus:closure | Jun/south-kelardasht:closure | Jun/south-nowshahr:closure | JunGate/south+0-chalus:closure | JunGate/south+0-kelardasht:closure | JunGate/south+0-nowshahr:closure | JunGate/south+10-chalus:closure | JunGate/south+10-kelardasht:closure | JunGate/south+10-nowshahr:closure | JunGate/south+5-chalus:closure | JunGate/south+5-kelardasht:closure | JunGate/south+5-nowshahr:closure | JunSens/south-chalus:closure | JunSens/south-chalus_alt:closure | JunSens/south-kelardasht:closure | JunSens/south-kelardasht_alt:closure | JunSens/south-nowshahr:closure | JunSens/south-nowshahr_alt:closure | JunSens/south_10-chalus:closure | JunSens/south_10-chalus_alt:closure | JunSens/south_10-kelardasht:closure | JunSens/south_10-kelardasht_alt:closure | JunSens/south_10-nowshahr:closure | JunSens/south_10-nowshahr_alt:closure | JunSens/south_5-chalus:closure | JunSens/south_5-chalus_alt:closure | JunSens/south_5-kelardasht:closure | JunSens/south_5-kelardasht_alt:closure | JunSens/south_5-nowshahr:closure | JunSens/south_5-nowshahr_alt:closure,NO,Use 12-Jun version; no route/corridor effect,{},"{""alt_name"":""جاده چمستان"",""highway"":""primary"",""maxspeed"":""70"",""oneway"":""yes""}","[9920666205,2387911893,11801461978,2387911890,3792264337,2387911888,2387911887,2387911885,2387911883,2387911880,3791132916,2387911878,2387911874,3791132918,2387911872,2387911870,2387911867,2387911861,2387911853,2387911844,2387911840,11082124455,7205413873,2387911806,3791132903,3792264271,11422393771,7205443089,2387911796,2387911794,2387911792,2387911789,2387911787,2387911785,3792264303,2387911776,2387911767,2387911763,2387911760,2387911757,2387911754,2387911752,2387911750,2387911747,2387911746,2387911743,2387911741,2387911736,2387911733]",,https://www.openstreetmap.org/way/230268443/history
way/230268499,10,2023-03-01 12:49:52+00:00,2024-02-10T15:52:46Z,11,2024-02-10T15:52:46Z,2025-03-25T05:07:15Z,A_NON_MATERIAL,Jan/east-chalus:base | Jan/east-chalus:closure | Jan/east-chalus_alt:base | Jan/east-chalus_alt:closure | Jan/east-kelardasht:base | Jan/east-kelardasht:closure | Jan/east-kelardasht_alt:base | Jan/east-kelardasht_alt:closure | Jan/east-nowshahr:base | Jan/east-nowshahr:closure | Jan/east-nowshahr_alt:base | Jan/east-nowshahr_alt:closure | Jan/south-chalus:closure | Jan/south-chalus_alt:closure | Jan/south-kelardasht:closure | Jan/south-kelardasht_alt:closure | Jan/south-nowshahr:closure | Jan/south-nowshahr_alt:closure | Jan/south_10-chalus:closure | Jan/south_10-chalus_alt:closure | Jan/south_10-kelardasht:closure | Jan/south_10-kelardasht_alt:closure | Jan/south_10-nowshahr:closure | Jan/south_10-nowshahr_alt:closure | Jan/south_5-chalus:closure | Jan/south_5-chalus_alt:closure | Jan/south_5-kelardasht:closure | Jan/south_5-kelardasht_alt:closure | Jan/south_5-nowshahr:closure | Jan/south_5-nowshahr_alt:closure | Jun/east-chalus:base | Jun/east-chalus:closure | Jun/east-kelardasht:base | Jun/east-kelardasht:closure | Jun/east-nowshahr:base | Jun/east-nowshahr:closure | Jun/south-chalus:closure | Jun/south-kelardasht:closure | Jun/south-nowshahr:closure | JunGate/east+0-chalus:base | JunGate/east+0-chalus:closure | JunGate/east+0-kelardasht:base | JunGate/east+0-kelardasht:closure | JunGate/east+0-nowshahr:base | JunGate/east+0-nowshahr:closure | JunGate/east+10-chalus:base | JunGate/east+10-chalus:closure | JunGate/east+10-kelardasht:base | JunGate/east+10-kelardasht:closure | JunGate/east+10-nowshahr:base | JunGate/east+10-nowshahr:closure | JunGate/east+5-chalus:base | JunGate/east+5-chalus:closure | JunGate/east+5-kelardasht:base | JunGate/east+5-kelardasht:closure | JunGate/east+5-nowshahr:base | JunGate/east+5-nowshahr:closure | JunGate/south+0-chalus:closure | JunGate/south+0-kelardasht:closure | JunGate/south+0-nowshahr:closure | JunGate/south+10-chalus:closure | JunGate/south+10-kelardasht:closure | JunGate/south+10-nowshahr:closure | JunGate/south+5-chalus:closure | JunGate/south+5-kelardasht:closure | JunGate/south+5-nowshahr:closure | JunSens/east-chalus:base | JunSens/east-chalus:closure | JunSens/east-chalus_alt:base | JunSens/east-chalus_alt:closure | JunSens/east-kelardasht:base | JunSens/east-kelardasht:closure | JunSens/east-kelardasht_alt:base | JunSens/east-kelardasht_alt:closure | JunSens/east-nowshahr:base | JunSens/east-nowshahr:closure | JunSens/east-nowshahr_alt:base | JunSens/east-nowshahr_alt:closure | JunSens/south-chalus:closure | JunSens/south-chalus_alt:closure | JunSens/south-kelardasht:closure | JunSens/south-kelardasht_alt:closure | JunSens/south-nowshahr:closure | JunSens/south-nowshahr_alt:closure | JunSens/south_10-chalus:closure | JunSens/south_10-chalus_alt:closure | JunSens/south_10-kelardasht:closure | JunSens/south_10-kelardasht_alt:closure | JunSens/south_10-nowshahr:closure | JunSens/south_10-nowshahr_alt:closure | JunSens/south_5-chalus:closure | JunSens/south_5-chalus_alt:closure | JunSens/south_5-kelardasht:closure | JunSens/south_5-kelardasht_alt:closure | JunSens/south_5-nowshahr:closure | JunSens/south_5-nowshahr_alt:closure,NO,Use 12-Jun version; no route/corridor effect,"{""sidewalk"":[""yes"",""right""]}","{""highway"":""trunk"",""lanes"":""2"",""maxspeed"":""60"",""name"":""بلوار سردار شهید سید محمد علوی"",""oneway"":""yes"",""ref"":""22"",""sidewalk"":""right""}","[2387913496,6481975062,10701850668,5885737920,6481975064,5885737919,8869227653,10568262732,10568262729,10568262723]",,https://www.openstreetmap.org/way/230268499/history
way/251021082,15,2023-06-04 19:13:23+00:00,2024-02-14T12:37:12Z,17,2024-02-14T12:37:12Z,,B_ROUTING_ATTRIBUTE,Jan/east-chalus:base | Jan/east-chalus:closure | Jan/east-chalus_alt:base | Jan/east-chalus_alt:closure | Jan/east-kelardasht:base | Jan/east-kelardasht:closure | Jan/east-kelardasht_alt:base | Jan/east-kelardasht_alt:closure | Jan/east-nowshahr:base | Jan/east-nowshahr:closure | Jan/east-nowshahr_alt:base | Jan/east-nowshahr_alt:closure | Jun/east-chalus:base | Jun/east-chalus:closure | Jun/east-kelardasht:base | Jun/east-kelardasht:closure | Jun/east-nowshahr:base | Jun/east-nowshahr:closure | JunGate/east+0-chalus:base | JunGate/east+0-chalus:closure | JunGate/east+0-kelardasht:base | JunGate/east+0-kelardasht:closure | JunGate/east+0-nowshahr:base | JunGate/east+0-nowshahr:closure | JunSens/east-chalus:base | JunSens/east-chalus:closure | JunSens/east-chalus_alt:base | JunSens/east-chalus_alt:closure | JunSens/east-kelardasht:base | JunSens/east-kelardasht:closure | JunSens/east-kelardasht_alt:base | JunSens/east-kelardasht_alt:closure | JunSens/east-nowshahr:base | JunSens/east-nowshahr:closure | JunSens/east-nowshahr_alt:base | JunSens/east-nowshahr_alt:closure,NO,Use 12-Jun version; no route/corridor effect,"{""highway"":[""trunk"",""primary""],""old_name"":[null,""میدان چاکسر""],""name"":[""میدان شهید فهمیده"",""میدان شهیدان محمدزاده""],""alt_name"":[""میدان چاکسر"",""میدان شهید فهمیده""]}","{""alt_name"":""میدان شهید فهمیده"",""highway"":""primary"",""junction"":""roundabout"",""lanes"":""3"",""name"":""میدان شهیدان محمدزاده"",""old_name"":""میدان چاکسر"",""oneway"":""yes""}","[5578807038,10943744310,10943744314,10943744315,2573199916,2573199882,10943744311,2573199883,2573199885,10943744316,10943744312,10943744317,2573199886,10943744319,10943744320,10943744321,2573199903,10943744318,2573199905,2573214508,2573199907,2573199911,2573199892,10943744313,2573199897,2573199899,10943744309,2573199901,5578807038]",,https://www.openstreetmap.org/way/251021082/history
way/305377976,9,2023-04-26 12:20:39+00:00,2024-05-28T17:46:20Z,10,2024-05-28T17:46:20Z,2026-02-18T21:59:32Z,A_NON_MATERIAL,Jan/south-chalus:closure | Jan/south-chalus_alt:closure | Jan/south-kelardasht:closure | Jan/south-kelardasht_alt:closure | Jan/south-nowshahr:closure | Jan/south-nowshahr_alt:closure | Jan/south_10-chalus:closure | Jan/south_10-chalus_alt:closure | Jan/south_10-kelardasht:closure | Jan/south_10-kelardasht_alt:closure | Jan/south_10-nowshahr:closure | Jan/south_10-nowshahr_alt:closure | Jan/south_5-chalus:closure | Jan/south_5-chalus_alt:closure | Jan/south_5-kelardasht:closure | Jan/south_5-kelardasht_alt:closure | Jan/south_5-nowshahr:closure | Jan/south_5-nowshahr_alt:closure | Jun/south-chalus:closure | Jun/south-kelardasht:closure | Jun/south-nowshahr:closure | JunGate/south+0-chalus:closure | JunGate/south+0-kelardasht:closure | JunGate/south+0-nowshahr:closure | JunGate/south+10-chalus:closure | JunGate/south+10-kelardasht:closure | JunGate/south+10-nowshahr:closure | JunGate/south+5-chalus:closure | JunGate/south+5-kelardasht:closure | JunGate/south+5-nowshahr:closure | JunSens/south-chalus:closure | JunSens/south-chalus_alt:closure | JunSens/south-kelardasht:closure | JunSens/south-kelardasht_alt:closure | JunSens/south-nowshahr:closure | JunSens/south-nowshahr_alt:closure | JunSens/south_10-chalus:closure | JunSens/south_10-chalus_alt:closure | JunSens/south_10-kelardasht:closure | JunSens/south_10-kelardasht_alt:closure | JunSens/south_10-nowshahr:closure | JunSens/south_10-nowshahr_alt:closure | JunSens/south_5-chalus:closure | JunSens/south_5-chalus_alt:closure | JunSens/south_5-kelardasht:closure | JunSens/south_5-kelardasht_alt:closure | JunSens/south_5-nowshahr:closure | JunSens/south_5-nowshahr_alt:closure,NO,Use 12-Jun version; no route/corridor effect,{},"{""highway"":""trunk"",""layer"":""-1"",""maxspeed"":""80"",""name"":""جاده هراز"",""ref"":""77"",""tunnel"":""yes""}","[2279621085,11940197851,11940197852,2279621084,11940197853,5041772205,2279621083,2279621082,2279621081,2279621080,2279621079,2279621073]",,https://www.openstreetmap.org/way/305377976/history
way/305377977,12,2023-04-26 12:20:39+00:00,2024-05-28T17:46:20Z,13,2024-05-28T17:46:20Z,2024-06-14T10:41:16Z,A_NON_MATERIAL,Jan/south-chalus:closure | Jan/south-chalus_alt:closure | Jan/south-kelardasht:closure | Jan/south-kelardasht_alt:closure | Jan/south-nowshahr:closure | Jan/south-nowshahr_alt:closure | Jan/south_10-chalus:closure | Jan/south_10-chalus_alt:closure | Jan/south_10-kelardasht:closure | Jan/south_10-kelardasht_alt:closure | Jan/south_10-nowshahr:closure | Jan/south_10-nowshahr_alt:closure | Jan/south_5-chalus:closure | Jan/south_5-chalus_alt:closure | Jan/south_5-kelardasht:closure | Jan/south_5-kelardasht_alt:closure | Jan/south_5-nowshahr:closure | Jan/south_5-nowshahr_alt:closure | Jun/south-chalus:closure | Jun/south-kelardasht:closure | Jun/south-nowshahr:closure | JunGate/south+0-chalus:closure | JunGate/south+0-kelardasht:closure | JunGate/south+0-nowshahr:closure | JunGate/south+10-chalus:closure | JunGate/south+10-kelardasht:closure | JunGate/south+10-nowshahr:closure | JunGate/south+5-chalus:closure | JunGate/south+5-kelardasht:closure | JunGate/south+5-nowshahr:closure | JunSens/south-chalus:closure | JunSens/south-chalus_alt:closure | JunSens/south-kelardasht:closure | JunSens/south-kelardasht_alt:closure | JunSens/south-nowshahr:closure | JunSens/south-nowshahr_alt:closure | JunSens/south_10-chalus:closure | JunSens/south_10-chalus_alt:closure | JunSens/south_10-kelardasht:closure | JunSens/south_10-kelardasht_alt:closure | JunSens/south_10-nowshahr:closure | JunSens/south_10-nowshahr_alt:closure | JunSens/south_5-chalus:closure | JunSens/south_5-chalus_alt:closure | JunSens/south_5-kelardasht:closure | JunSens/south_5-kelardasht_alt:closure | JunSens/south_5-nowshahr:closure | JunSens/south_5-nowshahr_alt:closure,NO,Use 12-Jun version; no route/corridor effect,{},"{""highway"":""trunk"",""maxspeed"":""80"",""name"":""جاده هراز"",""ref"":""77""}","[2279621076,11940197847,3938015136,3100003074,4379150803,3938015137,3100003075,11940197848,11940197849,4379150804,3100003076,3938015139,3100003077,3938015138,11940197850,2279621085]",,https://www.openstreetmap.org/way/305377977/history
way/307612319,28,2023-11-01 18:08:20+00:00,2024-04-01T18:46:28Z,30,2024-04-01T18:46:28Z,2026-05-10T10:59:51Z,A_NON_MATERIAL,Jan/south-chalus:closure | Jan/south-chalus_alt:closure | Jan/south-kelardasht:closure | Jan/south-kelardasht_alt:closure | Jan/south-nowshahr:closure | Jan/south-nowshahr_alt:closure | Jan/south_10-chalus:closure | Jan/south_10-chalus_alt:closure | Jan/south_10-kelardasht:closure | Jan/south_10-kelardasht_alt:closure | Jan/south_10-nowshahr:closure | Jan/south_10-nowshahr_alt:closure | Jan/south_5-chalus:closure | Jan/south_5-chalus_alt:closure | Jan/south_5-kelardasht:closure | Jan/south_5-kelardasht_alt:closure | Jan/south_5-nowshahr:closure | Jan/south_5-nowshahr_alt:closure | Jun/south-chalus:closure | Jun/south-kelardasht:closure | Jun/south-nowshahr:closure | JunGate/south+0-chalus:closure | JunGate/south+0-kelardasht:closure | JunGate/south+0-nowshahr:closure | JunGate/south+10-chalus:closure | JunGate/south+10-kelardasht:closure | JunGate/south+10-nowshahr:closure | JunGate/south+5-chalus:closure | JunGate/south+5-kelardasht:closure | JunGate/south+5-nowshahr:closure | JunSens/south-chalus:closure | JunSens/south-chalus_alt:closure | JunSens/south-kelardasht:closure | JunSens/south-kelardasht_alt:closure | JunSens/south-nowshahr:closure | JunSens/south-nowshahr_alt:closure | JunSens/south_10-chalus:closure | JunSens/south_10-chalus_alt:closure | JunSens/south_10-kelardasht:closure | JunSens/south_10-kelardasht_alt:closure | JunSens/south_10-nowshahr:closure | JunSens/south_10-nowshahr_alt:closure | JunSens/south_5-chalus:closure | JunSens/south_5-chalus_alt:closure | JunSens/south_5-kelardasht:closure | JunSens/south_5-kelardasht_alt:closure | JunSens/south_5-nowshahr:closure | JunSens/south_5-nowshahr_alt:closure,NO,Use 12-Jun version; no route/corridor effect,{},"{""full_name"":""بزرگراه شهید حسین خرازی"",""full_name:fa"":""بزرگراه شهید حسین خرازی"",""highway"":""trunk"",""lanes"":""4"",""maxheight"":""12"",""maxspeed"":""90"",""name"":""بزرگراه خرازی"",""name:en"":""Kharrazi Expressway"",""oneway"":""yes"",""ref"":""14""}","[2251206727,10648225555,3128081969,3110992493,6577672425,6577672424,6577672423,2251206743,10648225556,3268736505,3128091512,3110992498,3128091513,3110992504,3128091514,2251206752,3128091517,3110992513,6631402987,3128075196,3110992515,3128081961,3128075194,2251206760,3310612865,6698456244,3128081962,3110852195,3110852194,2251206750,3150458479,4852383993]",,https://www.openstreetmap.org/way/307612319/history
way/322815333,35,2023-10-26 04:59:58+00:00,2024-02-19T07:51:37Z,36,2024-02-19T07:51:37Z,,C_TOPOLOGY,Jan/west-chalus:base | Jan/west-chalus:closure | Jan/west-chalus_alt:base | Jan/west-chalus_alt:closure | Jan/west-kelardasht:base | Jan/west-kelardasht:closure | Jan/west-kelardasht_alt:base | Jan/west-kelardasht_alt:closure | Jan/west-nowshahr:base | Jan/west-nowshahr:closure | Jan/west-nowshahr_alt:base | Jan/west-nowshahr_alt:closure | Jun/west-chalus:base | Jun/west-chalus:closure | Jun/west-kelardasht:base | Jun/west-kelardasht:closure | Jun/west-nowshahr:base | Jun/west-nowshahr:closure | JunGate/west+0-chalus:base | JunGate/west+0-chalus:closure | JunGate/west+0-kelardasht:base | JunGate/west+0-kelardasht:closure | JunGate/west+0-nowshahr:base | JunGate/west+0-nowshahr:closure | JunGate/west+10-chalus:base | JunGate/west+10-chalus:closure | JunGate/west+10-kelardasht:base | JunGate/west+10-kelardasht:closure | JunGate/west+10-nowshahr:base | JunGate/west+10-nowshahr:closure | JunGate/west+5-chalus:base | JunGate/west+5-chalus:closure | JunGate/west+5-kelardasht:base | JunGate/west+5-kelardasht:closure | JunGate/west+5-nowshahr:base | JunGate/west+5-nowshahr:closure | JunSens/west-chalus:base | JunSens/west-chalus:closure | JunSens/west-chalus_alt:base | JunSens/west-chalus_alt:closure | JunSens/west-kelardasht:base | JunSens/west-kelardasht:closure | JunSens/west-kelardasht_alt:base | JunSens/west-kelardasht_alt:closure | JunSens/west-nowshahr:base | JunSens/west-nowshahr:closure | JunSens/west-nowshahr_alt:base | JunSens/west-nowshahr_alt:closure,NO,Use 12-Jun version; no route/corridor effect,{},"{""highway"":""trunk"",""lanes"":""2"",""lit"":""yes"",""maxspeed"":""60"",""name"":""جاده ساحلی"",""oneway"":""yes"",""ref"":""22"",""sidewalk"":""yes"",""surface"":""asphalt""}","[2396992264,5724732356,6411897237,3811854900,5724732336,5134977138,2396992255,6385641502,2396992251,2396992248,2396992246,5723492027,6402340431,11290070954,11290070953,11290070952]",,https://www.openstreetmap.org/way/322815333/history
way/372803165,16,2023-09-07 03:23:22+00:00,2024-03-17T09:22:10Z,17,2024-03-17T09:22:10Z,,A_NON_MATERIAL,Jan/south-chalus:base | Jan/south-chalus_alt:base | Jan/south-nowshahr:base | Jan/south-nowshahr_alt:base | Jan/south_10-chalus:base | Jan/south_10-chalus_alt:base | Jan/south_10-nowshahr:base | Jan/south_10-nowshahr_alt:base | Jan/south_5-chalus:base | Jan/south_5-chalus_alt:base | Jan/south_5-nowshahr:base | Jan/south_5-nowshahr_alt:base | Jun/south-chalus:base | Jun/south-nowshahr:base | JunGate/south+0-chalus:base | JunGate/south+0-nowshahr:base | JunGate/south+10-chalus:base | JunGate/south+10-nowshahr:base | JunGate/south+5-chalus:base | JunGate/south+5-nowshahr:base | JunSens/south-chalus:base | JunSens/south-chalus_alt:base | JunSens/south-nowshahr:base | JunSens/south-nowshahr_alt:base | JunSens/south_10-chalus:base | JunSens/south_10-chalus_alt:base | JunSens/south_10-nowshahr:base | JunSens/south_10-nowshahr_alt:base | JunSens/south_5-chalus:base | JunSens/south_5-chalus_alt:base | JunSens/south_5-nowshahr:base | JunSens/south_5-nowshahr_alt:base,NO,Use 12-Jun version; no route/corridor effect,"{""maxspeed"":[""50"",""40""]}","{""destination:ref"":""3"",""hgv"":""no"",""highway"":""motorway"",""lanes"":""2"",""lit"":""yes"",""lock"":""yes"",""maxspeed"":""40"",""motorcycle"":""no"",""name"":""آزادراه تهران - شمال"",""name:en"":""Tehran - North Freeway"",""oneway"":""yes"",""ref"":""3"",""surface"":""asphalt"",""toll"":""yes""}","[4009794344,6231976978,6231977804,2141921303,2141921304,4009794345]",,https://www.openstreetmap.org/way/372803165/history
way/390638628,12,2023-04-26 12:20:39+00:00,2024-05-28T17:53:31Z,15,2024-05-28T17:53:31Z,2026-02-18T21:59:32Z,A_NON_MATERIAL,Jan/south-chalus:closure | Jan/south-chalus_alt:closure | Jan/south-kelardasht:closure | Jan/south-kelardasht_alt:closure | Jan/south-nowshahr:closure | Jan/south-nowshahr_alt:closure | Jan/south_10-chalus:closure | Jan/south_10-chalus_alt:closure | Jan/south_10-kelardasht:closure | Jan/south_10-kelardasht_alt:closure | Jan/south_10-nowshahr:closure | Jan/south_10-nowshahr_alt:closure | Jan/south_5-chalus:closure | Jan/south_5-chalus_alt:closure | Jan/south_5-kelardasht:closure | Jan/south_5-kelardasht_alt:closure | Jan/south_5-nowshahr:closure | Jan/south_5-nowshahr_alt:closure | Jun/south-chalus:closure | Jun/south-kelardasht:closure | Jun/south-nowshahr:closure | JunGate/south+0-chalus:closure | JunGate/south+0-kelardasht:closure | JunGate/south+0-nowshahr:closure | JunGate/south+10-chalus:closure | JunGate/south+10-kelardasht:closure | JunGate/south+10-nowshahr:closure | JunGate/south+5-chalus:closure | JunGate/south+5-kelardasht:closure | JunGate/south+5-nowshahr:closure | JunSens/south-chalus:closure | JunSens/south-chalus_alt:closure | JunSens/south-kelardasht:closure | JunSens/south-kelardasht_alt:closure | JunSens/south-nowshahr:closure | JunSens/south-nowshahr_alt:closure | JunSens/south_10-chalus:closure | JunSens/south_10-chalus_alt:closure | JunSens/south_10-kelardasht:closure | JunSens/south_10-kelardasht_alt:closure | JunSens/south_10-nowshahr:closure | JunSens/south_10-nowshahr_alt:closure | JunSens/south_5-chalus:closure | JunSens/south_5-chalus_alt:closure | JunSens/south_5-kelardasht:closure | JunSens/south_5-kelardasht_alt:closure | JunSens/south_5-nowshahr:closure | JunSens/south_5-nowshahr_alt:closure,NO,Use 12-Jun version; no route/corridor effect,{},"{""highway"":""trunk"",""maxspeed"":""60"",""name"":""جاده هراز"",""name:en"":""Haraz Road"",""ref"":""77""}","[2279621073,2279621088,2279621087,2279621086,27216762,27216763,4379150805,11940197861,4379150806,11940197862,4379150807,4379150808,4379150809,27216764,11940197865,4379150810,11793744040,4379150811,11793744041,27216765,11940197866,4379150812,11940234271,4379150813,11940234272,4379150814,3992599455,3992602058,11940234273,27216766,3992602062,3992602057,11940234274,11940234275,3992602061,11940234276,3992599456,3992602060,3992602059,11940234277,3992602063,11940234278,3992602064,11940234279,3992602065,3992602066,3992602067,3992602069,11940234280,27216767,11940234281,3992602068,3992602070,10779423338,27216768,3992602071,3992602072,3992602073,27216769,3992602074,4379150815,3992602075,3992602076,942640388,4379150816,11940219975,3718343969]",,https://www.openstreetmap.org/way/390638628/history
way/390638634,8,2023-04-26 12:20:39+00:00,2024-05-28T17:53:31Z,9,2024-05-28T17:53:31Z,2026-02-18T21:59:32Z,A_NON_MATERIAL,Jan/south-chalus:closure | Jan/south-chalus_alt:closure | Jan/south-kelardasht:closure | Jan/south-kelardasht_alt:closure | Jan/south-nowshahr:closure | Jan/south-nowshahr_alt:closure | Jan/south_10-chalus:closure | Jan/south_10-chalus_alt:closure | Jan/south_10-kelardasht:closure | Jan/south_10-kelardasht_alt:closure | Jan/south_10-nowshahr:closure | Jan/south_10-nowshahr_alt:closure | Jan/south_5-chalus:closure | Jan/south_5-chalus_alt:closure | Jan/south_5-kelardasht:closure | Jan/south_5-kelardasht_alt:closure | Jan/south_5-nowshahr:closure | Jan/south_5-nowshahr_alt:closure | Jun/south-chalus:closure | Jun/south-kelardasht:closure | Jun/south-nowshahr:closure | JunGate/south+0-chalus:closure | JunGate/south+0-kelardasht:closure | JunGate/south+0-nowshahr:closure | JunGate/south+10-chalus:closure | JunGate/south+10-kelardasht:closure | JunGate/south+10-nowshahr:closure | JunGate/south+5-chalus:closure | JunGate/south+5-kelardasht:closure | JunGate/south+5-nowshahr:closure | JunSens/south-chalus:closure | JunSens/south-chalus_alt:closure | JunSens/south-kelardasht:closure | JunSens/south-kelardasht_alt:closure | JunSens/south-nowshahr:closure | JunSens/south-nowshahr_alt:closure | JunSens/south_10-chalus:closure | JunSens/south_10-chalus_alt:closure | JunSens/south_10-kelardasht:closure | JunSens/south_10-kelardasht_alt:closure | JunSens/south_10-nowshahr:closure | JunSens/south_10-nowshahr_alt:closure | JunSens/south_5-chalus:closure | JunSens/south_5-chalus_alt:closure | JunSens/south_5-kelardasht:closure | JunSens/south_5-kelardasht_alt:closure | JunSens/south_5-nowshahr:closure | JunSens/south_5-nowshahr_alt:closure,NO,Use 12-Jun version; no route/corridor effect,{},"{""highway"":""trunk"",""maxspeed"":""80"",""name"":""جاده هراز"",""name:en"":""Haraz Road"",""ref"":""77""}","[3718343965,11940219980,3718343963,11940219981,3718343964]",,https://www.openstreetmap.org/way/390638634/history
way/390638637,10,2023-04-26 12:20:39+00:00,2024-05-28T17:53:31Z,11,2024-05-28T17:53:31Z,2026-02-18T21:59:32Z,A_NON_MATERIAL,Jan/south-chalus:closure | Jan/south-chalus_alt:closure | Jan/south-kelardasht:closure | Jan/south-kelardasht_alt:closure | Jan/south-nowshahr:closure | Jan/south-nowshahr_alt:closure | Jan/south_10-chalus:closure | Jan/south_10-chalus_alt:closure | Jan/south_10-kelardasht:closure | Jan/south_10-kelardasht_alt:closure | Jan/south_10-nowshahr:closure | Jan/south_10-nowshahr_alt:closure | Jan/south_5-chalus:closure | Jan/south_5-chalus_alt:closure | Jan/south_5-kelardasht:closure | Jan/south_5-kelardasht_alt:closure | Jan/south_5-nowshahr:closure | Jan/south_5-nowshahr_alt:closure | Jun/south-chalus:closure | Jun/south-kelardasht:closure | Jun/south-nowshahr:closure | JunGate/south+0-chalus:closure | JunGate/south+0-kelardasht:closure | JunGate/south+0-nowshahr:closure | JunGate/south+10-chalus:closure | JunGate/south+10-kelardasht:closure | JunGate/south+10-nowshahr:closure | JunGate/south+5-chalus:closure | JunGate/south+5-kelardasht:closure | JunGate/south+5-nowshahr:closure | JunSens/south-chalus:closure | JunSens/south-chalus_alt:closure | JunSens/south-kelardasht:closure | JunSens/south-kelardasht_alt:closure | JunSens/south-nowshahr:closure | JunSens/south-nowshahr_alt:closure | JunSens/south_10-chalus:closure | JunSens/south_10-chalus_alt:closure | JunSens/south_10-kelardasht:closure | JunSens/south_10-kelardasht_alt:closure | JunSens/south_10-nowshahr:closure | JunSens/south_10-nowshahr_alt:closure | JunSens/south_5-chalus:closure | JunSens/south_5-chalus_alt:closure | JunSens/south_5-kelardasht:closure | JunSens/south_5-kelardasht_alt:closure | JunSens/south_5-nowshahr:closure | JunSens/south_5-nowshahr_alt:closure,NO,Use 12-Jun version; no route/corridor effect,{},"{""highway"":""trunk"",""maxspeed"":""80"",""name"":""جاده هراز"",""name:en"":""Haraz Road"",""ref"":""77""}","[942640337,3992610711,11940219991,3718343961,3938015144,27216775,4379150818,4379150819,3718343960]",,https://www.openstreetmap.org/way/390638637/history
way/390638638,12,2023-04-26 12:20:39+00:00,2024-05-28T17:53:31Z,13,2024-05-28T17:53:31Z,2026-02-18T21:59:32Z,A_NON_MATERIAL,Jan/south-chalus:closure | Jan/south-chalus_alt:closure | Jan/south-kelardasht:closure | Jan/south-kelardasht_alt:closure | Jan/south-nowshahr:closure | Jan/south-nowshahr_alt:closure | Jan/south_10-chalus:closure | Jan/south_10-chalus_alt:closure | Jan/south_10-kelardasht:closure | Jan/south_10-kelardasht_alt:closure | Jan/south_10-nowshahr:closure | Jan/south_10-nowshahr_alt:closure | Jan/south_5-chalus:closure | Jan/south_5-chalus_alt:closure | Jan/south_5-kelardasht:closure | Jan/south_5-kelardasht_alt:closure | Jan/south_5-nowshahr:closure | Jan/south_5-nowshahr_alt:closure | Jun/south-chalus:closure | Jun/south-kelardasht:closure | Jun/south-nowshahr:closure | JunGate/south+0-chalus:closure | JunGate/south+0-kelardasht:closure | JunGate/south+0-nowshahr:closure | JunGate/south+10-chalus:closure | JunGate/south+10-kelardasht:closure | JunGate/south+10-nowshahr:closure | JunGate/south+5-chalus:closure | JunGate/south+5-kelardasht:closure | JunGate/south+5-nowshahr:closure | JunSens/south-chalus:closure | JunSens/south-chalus_alt:closure | JunSens/south-kelardasht:closure | JunSens/south-kelardasht_alt:closure | JunSens/south-nowshahr:closure | JunSens/south-nowshahr_alt:closure | JunSens/south_10-chalus:closure | JunSens/south_10-chalus_alt:closure | JunSens/south_10-kelardasht:closure | JunSens/south_10-kelardasht_alt:closure | JunSens/south_10-nowshahr:closure | JunSens/south_10-nowshahr_alt:closure | JunSens/south_5-chalus:closure | JunSens/south_5-chalus_alt:closure | JunSens/south_5-kelardasht:closure | JunSens/south_5-kelardasht_alt:closure | JunSens/south_5-nowshahr:closure | JunSens/south_5-nowshahr_alt:closure,NO,Use 12-Jun version; no route/corridor effect,{},"{""highway"":""trunk"",""maxspeed"":""60"",""name"":""جاده هراز"",""name:en"":""Haraz Road"",""ref"":""77""}","[27216770,11940219976,3992602079,3992602077,11940219977,3718343968,3992602078,3992610707,27216771,3992610708,3718343967,3992610709,11940219978,942640408,11940219979,3718343966,4379150817,942640265]",,https://www.openstreetmap.org/way/390638638/history
way/398215222,11,2023-09-07 03:23:22+00:00,2024-03-17T09:22:10Z,12,2024-03-17T09:22:10Z,,A_NON_MATERIAL,Jan/south-chalus:base | Jan/south-chalus_alt:base | Jan/south-nowshahr:base | Jan/south-nowshahr_alt:base | Jan/south_10-chalus:base | Jan/south_10-chalus_alt:base | Jan/south_10-nowshahr:base | Jan/south_10-nowshahr_alt:base | Jan/south_5-chalus:base | Jan/south_5-chalus_alt:base | Jan/south_5-nowshahr:base | Jan/south_5-nowshahr_alt:base | Jun/south-chalus:base | Jun/south-nowshahr:base | JunGate/south+0-chalus:base | JunGate/south+0-nowshahr:base | JunGate/south+10-chalus:base | JunGate/south+10-nowshahr:base | JunGate/south+5-chalus:base | JunGate/south+5-nowshahr:base | JunSens/south-chalus:base | JunSens/south-chalus_alt:base | JunSens/south-nowshahr:base | JunSens/south-nowshahr_alt:base | JunSens/south_10-chalus:base | JunSens/south_10-chalus_alt:base | JunSens/south_10-nowshahr:base | JunSens/south_10-nowshahr_alt:base | JunSens/south_5-chalus:base | JunSens/south_5-chalus_alt:base | JunSens/south_5-nowshahr:base | JunSens/south_5-nowshahr_alt:base,NO,Use 12-Jun version; no route/corridor effect,"{""maxspeed"":[""50"",""40""]}","{""hgv"":""no"",""highway"":""motorway"",""lanes"":""2"",""lit"":""yes"",""lock"":""yes"",""maxspeed"":""40"",""motorcycle"":""no"",""name"":""آزادراه تهران - شمال"",""name:en"":""Tehran - North Freeway"",""oneway"":""yes"",""ref"":""3"",""ref:fa"":""۳"",""surface"":""asphalt"",""toll"":""yes""}","[4009794345,3273372235,6229666111,6229046902,6229666110,2141921305]",,https://www.openstreetmap.org/way/398215222/history
way/412893235,40,2023-04-12 20:18:38+00:00,2024-03-06T20:40:20Z,41,2024-03-06T20:40:20Z,2024-12-20T12:43:01Z,A_NON_MATERIAL,Jan/east-chalus:base | Jan/east-chalus:closure | Jan/east-chalus_alt:base | Jan/east-chalus_alt:closure | Jan/east-kelardasht:base | Jan/east-kelardasht:closure | Jan/east-kelardasht_alt:base | Jan/east-kelardasht_alt:closure | Jan/east-nowshahr:base | Jan/east-nowshahr:closure | Jan/east-nowshahr_alt:base | Jan/east-nowshahr_alt:closure | Jun/east-chalus:base | Jun/east-chalus:closure | Jun/east-kelardasht:base | Jun/east-kelardasht:closure | Jun/east-nowshahr:base | Jun/east-nowshahr:closure | JunGate/east+0-chalus:base | JunGate/east+0-chalus:closure | JunGate/east+0-kelardasht:base | JunGate/east+0-kelardasht:closure | JunGate/east+0-nowshahr:base | JunGate/east+0-nowshahr:closure | JunGate/east+10-chalus:base | JunGate/east+10-chalus:closure | JunGate/east+10-kelardasht:base | JunGate/east+10-kelardasht:closure | JunGate/east+10-nowshahr:base | JunGate/east+10-nowshahr:closure | JunGate/east+5-chalus:base | JunGate/east+5-chalus:closure | JunGate/east+5-kelardasht:base | JunGate/east+5-kelardasht:closure | JunGate/east+5-nowshahr:base | JunGate/east+5-nowshahr:closure | JunSens/east-chalus:base | JunSens/east-chalus:closure | JunSens/east-chalus_alt:base | JunSens/east-chalus_alt:closure | JunSens/east-kelardasht:base | JunSens/east-kelardasht:closure | JunSens/east-kelardasht_alt:base | JunSens/east-kelardasht_alt:closure | JunSens/east-nowshahr:base | JunSens/east-nowshahr:closure | JunSens/east-nowshahr_alt:base | JunSens/east-nowshahr_alt:closure,NO,Use 12-Jun version; no route/corridor effect,{},"{""foot"":""yes"",""highway"":""trunk"",""maxspeed"":""60"",""name"":""بزرگراه آمل - محمودآباد"",""oneway"":""yes"",""ref"":""22""}","[2379122562,2379122563,7606958611,6268077380,10694683038,6390163474,2379122564,6390163508,2379122571,2379122573,2379122574,2379122576,6390163519,9830550432,2379122579,6320968707,6320968706,6320968705,2379122580,6320968693,10805452700,10694683026,6373385961,2379122583,2379122584,2379122586,2379122588,2379122590,6390227775,2379122591,10694683020,2379122593,6344648046,6344575474,6343211517,10212089891,6343211516,2379122597,3791133274,2379122612,2379122614,3791133282,6329052076,6299531745,9498536135,2379122641,2379122649,2379122651,2379122653,3792264341,2379122656,2379122658,2379122660,2379122664,2379122666,2379122670,11698755506,2379122679,11698755505,2379122685,2379122689,2379122717,2379122724,2379122729,2379122740,6262487998,6341802005,11698755504,2379122800,2379122827,4306472920,2379122854,2379122885]",,https://www.openstreetmap.org/way/412893235/history
way/432140714,7,2019-03-17 22:02:02+00:00,2024-02-11T04:43:16Z,8,2024-02-11T04:43:16Z,,A_NON_MATERIAL,Jan/south-chalus:closure | Jan/south-chalus_alt:closure | Jan/south-kelardasht:closure | Jan/south-kelardasht_alt:closure | Jan/south-nowshahr:closure | Jan/south-nowshahr_alt:closure | Jan/south_10-chalus:closure | Jan/south_10-chalus_alt:closure | Jan/south_10-kelardasht:closure | Jan/south_10-kelardasht_alt:closure | Jan/south_10-nowshahr:closure | Jan/south_10-nowshahr_alt:closure | Jan/south_5-chalus:closure | Jan/south_5-chalus_alt:closure | Jan/south_5-kelardasht:closure | Jan/south_5-kelardasht_alt:closure | Jan/south_5-nowshahr:closure | Jan/south_5-nowshahr_alt:closure | Jun/south-chalus:closure | Jun/south-kelardasht:closure | Jun/south-nowshahr:closure | JunGate/south+0-chalus:closure | JunGate/south+0-kelardasht:closure | JunGate/south+0-nowshahr:closure | JunGate/south+10-chalus:closure | JunGate/south+10-kelardasht:closure | JunGate/south+10-nowshahr:closure | JunGate/south+5-chalus:closure | JunGate/south+5-kelardasht:closure | JunGate/south+5-nowshahr:closure | JunSens/south-chalus:closure | JunSens/south-chalus_alt:closure | JunSens/south-kelardasht:closure | JunSens/south-kelardasht_alt:closure | JunSens/south-nowshahr:closure | JunSens/south-nowshahr_alt:closure | JunSens/south_10-chalus:closure | JunSens/south_10-chalus_alt:closure | JunSens/south_10-kelardasht:closure | JunSens/south_10-kelardasht_alt:closure | JunSens/south_10-nowshahr:closure | JunSens/south_10-nowshahr_alt:closure | JunSens/south_5-chalus:closure | JunSens/south_5-chalus_alt:closure | JunSens/south_5-kelardasht:closure | JunSens/south_5-kelardasht_alt:closure | JunSens/south_5-nowshahr:closure | JunSens/south_5-nowshahr_alt:closure,NO,Use 12-Jun version; no route/corridor effect,{},"{""highway"":""trunk_link"",""lanes"":""2"",""oneway"":""yes"",""surface"":""asphalt""}","[4313043089,11609363838,4313043091,4313043092,4313043093,4313043094,4313043095,32033147,4313043096,4313043097,4313043098,4313043099,4313043100]",,https://www.openstreetmap.org/way/432140714/history
way/447860601,11,2023-02-09 07:07:57+00:00,2024-06-03T17:56:04Z,13,2024-06-03T17:56:04Z,,A_NON_MATERIAL,Jan/south-chalus:closure | Jan/south-chalus_alt:closure | Jan/south-kelardasht:closure | Jan/south-kelardasht_alt:closure | Jan/south-nowshahr:closure | Jan/south-nowshahr_alt:closure | Jan/south_10-chalus:closure | Jan/south_10-chalus_alt:closure | Jan/south_10-kelardasht:closure | Jan/south_10-kelardasht_alt:closure | Jan/south_10-nowshahr:closure | Jan/south_10-nowshahr_alt:closure | Jan/south_5-chalus:closure | Jan/south_5-chalus_alt:closure | Jan/south_5-kelardasht:closure | Jan/south_5-kelardasht_alt:closure | Jan/south_5-nowshahr:closure | Jan/south_5-nowshahr_alt:closure | Jun/south-chalus:closure | Jun/south-kelardasht:closure | Jun/south-nowshahr:closure | JunGate/south+0-chalus:closure | JunGate/south+0-kelardasht:closure | JunGate/south+0-nowshahr:closure | JunGate/south+10-chalus:closure | JunGate/south+10-kelardasht:closure | JunGate/south+10-nowshahr:closure | JunGate/south+5-chalus:closure | JunGate/south+5-kelardasht:closure | JunGate/south+5-nowshahr:closure | JunSens/south-chalus:closure | JunSens/south-chalus_alt:closure | JunSens/south-kelardasht:closure | JunSens/south-kelardasht_alt:closure | JunSens/south-nowshahr:closure | JunSens/south-nowshahr_alt:closure | JunSens/south_10-chalus:closure | JunSens/south_10-chalus_alt:closure | JunSens/south_10-kelardasht:closure | JunSens/south_10-kelardasht_alt:closure | JunSens/south_10-nowshahr:closure | JunSens/south_10-nowshahr_alt:closure | JunSens/south_5-chalus:closure | JunSens/south_5-chalus_alt:closure | JunSens/south_5-kelardasht:closure | JunSens/south_5-kelardasht_alt:closure | JunSens/south_5-nowshahr:closure | JunSens/south_5-nowshahr_alt:closure,NO,Use 12-Jun version; no route/corridor effect,"{""maxspeed"":[""80"",""95""]}","{""foot"":""yes"",""highway"":""trunk"",""lanes"":""2"",""maxspeed"":""95"",""name"":""جاده هراز"",""name:en"":""Haraz Road"",""oneway"":""yes"",""ref"":""77""}","[4324698748,6055988427,6055988421,254648293,6320434246,254648294,6320434244,254648295,7195185690,254648296,254648297,6320434240,7195185689,6320434239,254648299,7195185688,6320434236,254648300,254648301,254648302,6320434233,254648303,254648304,254648305,254648306,6320434230,254648307,254648308,4079346031,254648309,4079346030,254648310,6320434227,6320434223,254648311,254648312,6320434219,6320434220,6320434218,254648313,6320434217,6320434215,254648315,6320434214,254648317,254648318,6320434211,254648319,6320434210,254648320,6320434208,6320434205,254648321,6320434203,254648322,6320434202,254648323,254648324,5435940072,6320434201,6320434199,6320434197,254648325,5435940053,254648326]",,https://www.openstreetmap.org/way/447860601/history
way/447860602,9,2023-09-28 00:57:46+00:00,2024-06-03T17:56:04Z,11,2024-06-03T17:56:04Z,,A_NON_MATERIAL,Jan/south-chalus:closure | Jan/south-chalus_alt:closure | Jan/south-kelardasht:closure | Jan/south-kelardasht_alt:closure | Jan/south-nowshahr:closure | Jan/south-nowshahr_alt:closure | Jan/south_10-chalus:closure | Jan/south_10-chalus_alt:closure | Jan/south_10-kelardasht:closure | Jan/south_10-kelardasht_alt:closure | Jan/south_10-nowshahr:closure | Jan/south_10-nowshahr_alt:closure | Jan/south_5-chalus:closure | Jan/south_5-chalus_alt:closure | Jan/south_5-kelardasht:closure | Jan/south_5-kelardasht_alt:closure | Jan/south_5-nowshahr:closure | Jan/south_5-nowshahr_alt:closure | Jun/south-chalus:closure | Jun/south-kelardasht:closure | Jun/south-nowshahr:closure | JunGate/south+0-chalus:closure | JunGate/south+0-kelardasht:closure | JunGate/south+0-nowshahr:closure | JunGate/south+10-chalus:closure | JunGate/south+10-kelardasht:closure | JunGate/south+10-nowshahr:closure | JunGate/south+5-chalus:closure | JunGate/south+5-kelardasht:closure | JunGate/south+5-nowshahr:closure | JunSens/south-chalus:closure | JunSens/south-chalus_alt:closure | JunSens/south-kelardasht:closure | JunSens/south-kelardasht_alt:closure | JunSens/south-nowshahr:closure | JunSens/south-nowshahr_alt:closure | JunSens/south_10-chalus:closure | JunSens/south_10-chalus_alt:closure | JunSens/south_10-kelardasht:closure | JunSens/south_10-kelardasht_alt:closure | JunSens/south_10-nowshahr:closure | JunSens/south_10-nowshahr_alt:closure | JunSens/south_5-chalus:closure | JunSens/south_5-chalus_alt:closure | JunSens/south_5-kelardasht:closure | JunSens/south_5-kelardasht_alt:closure | JunSens/south_5-nowshahr:closure | JunSens/south_5-nowshahr_alt:closure,NO,Use 12-Jun version; no route/corridor effect,"{""maxspeed"":[""80"",""95""]}","{""highway"":""trunk"",""lanes"":""2"",""maxspeed"":""95"",""name"":""جاده هراز"",""name:en"":""Haraz Road"",""oneway"":""yes"",""ref"":""77""}","[254648326,5435940036,5435940037,254648327,254648328,254648329,5435940024,6320434195,254648330,6320434193,254648331,11182373089,254648332,254648333,6320434190,254648334,254648335,254648336,254648337,254648338,6320434188,254648339,254648340,254648341,254648342,6320434186,254648343,254648344,254648345,254648346,6320433482,254648347,254648348,6320433479,254648349,254648350,254648351,254648352,6320433478,254648353,11223841468,10896656680,254648354,254648355,254648356,254648357,254648358,254648359,254648360,8582277067,3444737451]",,https://www.openstreetmap.org/way/447860602/history
way/492704148,12,2023-10-17 03:46:13+00:00,2024-04-20T10:21:13Z,14,2024-04-20T10:21:13Z,,C_TOPOLOGY,Jan/south-chalus:closure | Jan/south-chalus_alt:closure | Jan/south-kelardasht:closure | Jan/south-kelardasht_alt:closure | Jan/south-nowshahr:closure | Jan/south-nowshahr_alt:closure | Jan/south_10-chalus:closure | Jan/south_10-chalus_alt:closure | Jan/south_10-kelardasht:closure | Jan/south_10-kelardasht_alt:closure | Jan/south_10-nowshahr:closure | Jan/south_10-nowshahr_alt:closure | Jan/south_5-chalus:closure | Jan/south_5-chalus_alt:closure | Jan/south_5-kelardasht:closure | Jan/south_5-kelardasht_alt:closure | Jan/south_5-nowshahr:closure | Jan/south_5-nowshahr_alt:closure | Jun/south-chalus:closure | Jun/south-kelardasht:closure | Jun/south-nowshahr:closure | JunGate/south+0-chalus:closure | JunGate/south+0-kelardasht:closure | JunGate/south+0-nowshahr:closure | JunGate/south+10-chalus:closure | JunGate/south+10-kelardasht:closure | JunGate/south+10-nowshahr:closure | JunGate/south+5-chalus:closure | JunGate/south+5-kelardasht:closure | JunGate/south+5-nowshahr:closure | JunSens/south-chalus:closure | JunSens/south-chalus_alt:closure | JunSens/south-kelardasht:closure | JunSens/south-kelardasht_alt:closure | JunSens/south-nowshahr:closure | JunSens/south-nowshahr_alt:closure | JunSens/south_10-chalus:closure | JunSens/south_10-chalus_alt:closure | JunSens/south_10-kelardasht:closure | JunSens/south_10-kelardasht_alt:closure | JunSens/south_10-nowshahr:closure | JunSens/south_10-nowshahr_alt:closure | JunSens/south_5-chalus:closure | JunSens/south_5-chalus_alt:closure | JunSens/south_5-kelardasht:closure | JunSens/south_5-kelardasht_alt:closure | JunSens/south_5-nowshahr:closure | JunSens/south_5-nowshahr_alt:closure,NO,Use 12-Jun version; no route/corridor effect,"{""name"":[""به طرف آمل"",""جاده امامزاده عبدالله""],""surface"":[null,""asphalt""],""maxspeed"":[null,""60""]}","{""highway"":""primary"",""maxspeed"":""60"",""name"":""جاده امامزاده عبدالله"",""oneway"":""yes"",""surface"":""asphalt""}","[6074572031,7221969126,6168741078]",,https://www.openstreetmap.org/way/492704148/history
way/492756578,12,2023-07-14 10:09:12+00:00,2024-06-02T14:02:22Z,13,2024-06-02T14:02:22Z,,A_NON_MATERIAL,Jan/south-chalus:base | Jan/south-chalus_alt:base | Jan/south-kelardasht:base | Jan/south-kelardasht_alt:base | Jan/south-nowshahr:base | Jan/south-nowshahr_alt:base | Jun/south-chalus:base | Jun/south-kelardasht:base | Jun/south-nowshahr:base | JunGate/south+0-chalus:base | JunGate/south+0-kelardasht:base | JunGate/south+0-nowshahr:base | JunSens/south-chalus:base | JunSens/south-chalus_alt:base | JunSens/south-kelardasht:base | JunSens/south-kelardasht_alt:base | JunSens/south-nowshahr:base | JunSens/south-nowshahr_alt:base,NO,Use 12-Jun version; no route/corridor effect,{},"{""bicycle"":""no"",""hgv"":""no"",""highway"":""trunk"",""lanes"":""2"",""maxspeed"":""50"",""motorcycle"":""no"",""name"":""خیابان چالوس"",""oneway"":""yes"",""ref"":""59"",""surface"":""asphalt""}","[31087067,11951865222,1159217935,5748693023,1890699152,5494450106,1159218428,5494450105,1159217604,5748692719,31087152]",,https://www.openstreetmap.org/way/492756578/history
way/493313798,17,2023-04-17 18:31:43+00:00,2024-04-02T16:52:43Z,18,2024-04-02T16:52:43Z,2025-05-12T09:03:41Z,A_NON_MATERIAL,Jan/south-chalus:closure | Jan/south-chalus_alt:closure | Jan/south-kelardasht:closure | Jan/south-kelardasht_alt:closure | Jan/south-nowshahr:closure | Jan/south-nowshahr_alt:closure | Jan/south_10-chalus:closure | Jan/south_10-chalus_alt:closure | Jan/south_10-kelardasht:closure | Jan/south_10-kelardasht_alt:closure | Jan/south_10-nowshahr:closure | Jan/south_10-nowshahr_alt:closure | Jan/south_5-chalus:closure | Jan/south_5-chalus_alt:closure | Jan/south_5-kelardasht:closure | Jan/south_5-kelardasht_alt:closure | Jan/south_5-nowshahr:closure | Jan/south_5-nowshahr_alt:closure | Jun/south-chalus:closure | Jun/south-kelardasht:closure | Jun/south-nowshahr:closure | JunGate/south+0-chalus:closure | JunGate/south+0-kelardasht:closure | JunGate/south+0-nowshahr:closure | JunGate/south+10-chalus:closure | JunGate/south+10-kelardasht:closure | JunGate/south+10-nowshahr:closure | JunGate/south+5-chalus:closure | JunGate/south+5-kelardasht:closure | JunGate/south+5-nowshahr:closure | JunSens/south-chalus:closure | JunSens/south-chalus_alt:closure | JunSens/south-kelardasht:closure | JunSens/south-kelardasht_alt:closure | JunSens/south-nowshahr:closure | JunSens/south-nowshahr_alt:closure | JunSens/south_10-chalus:closure | JunSens/south_10-chalus_alt:closure | JunSens/south_10-kelardasht:closure | JunSens/south_10-kelardasht_alt:closure | JunSens/south_10-nowshahr:closure | JunSens/south_10-nowshahr_alt:closure | JunSens/south_5-chalus:closure | JunSens/south_5-chalus_alt:closure | JunSens/south_5-kelardasht:closure | JunSens/south_5-kelardasht_alt:closure | JunSens/south_5-nowshahr:closure | JunSens/south_5-nowshahr_alt:closure,NO,Use 12-Jun version; no route/corridor effect,{},"{""full_name"":""بزرگراه شهید حسین خرازی"",""highway"":""trunk"",""lanes"":""4"",""maxspeed"":""90"",""name"":""بزرگراه خرازی"",""name:en"":""Kharrazi Expressway"",""oneway"":""yes"",""ref"":""14""}","[4852383994,2251206745,3241406984,6567817320,1154857133,10820179020,10820179021,1154857977,1154858035,1154858507,1154856195,9555283814,1154858285,10820179024,1154855682,1154856617,1154857455,1154857554,1154858138,2976438221,11780802011,2976438375,6852974620,6852974621,10820179031,982873095]",,https://www.openstreetmap.org/way/493313798/history
way/499183869,2,2019-04-11 06:37:30+00:00,2024-01-30T07:15:54Z,3,2024-01-30T07:15:54Z,2024-08-13T08:29:21Z,B_ROUTING_ATTRIBUTE,Jan/south-chalus:closure | Jan/south-chalus_alt:closure | Jan/south-kelardasht:closure | Jan/south-kelardasht_alt:closure | Jan/south-nowshahr:closure | Jan/south-nowshahr_alt:closure | Jan/south_10-chalus:closure | Jan/south_10-chalus_alt:closure | Jan/south_10-kelardasht:closure | Jan/south_10-kelardasht_alt:closure | Jan/south_10-nowshahr:closure | Jan/south_10-nowshahr_alt:closure | Jan/south_5-chalus:closure | Jan/south_5-chalus_alt:closure | Jan/south_5-kelardasht:closure | Jan/south_5-kelardasht_alt:closure | Jan/south_5-nowshahr:closure | Jan/south_5-nowshahr_alt:closure | Jun/south-chalus:closure | Jun/south-kelardasht:closure | Jun/south-nowshahr:closure | JunGate/south+0-chalus:closure | JunGate/south+0-kelardasht:closure | JunGate/south+0-nowshahr:closure | JunGate/south+10-chalus:closure | JunGate/south+10-kelardasht:closure | JunGate/south+10-nowshahr:closure | JunGate/south+5-chalus:closure | JunGate/south+5-kelardasht:closure | JunGate/south+5-nowshahr:closure | JunSens/south-chalus:closure | JunSens/south-chalus_alt:closure | JunSens/south-kelardasht:closure | JunSens/south-kelardasht_alt:closure | JunSens/south-nowshahr:closure | JunSens/south-nowshahr_alt:closure | JunSens/south_10-chalus:closure | JunSens/south_10-chalus_alt:closure | JunSens/south_10-kelardasht:closure | JunSens/south_10-kelardasht_alt:closure | JunSens/south_10-nowshahr:closure | JunSens/south_10-nowshahr_alt:closure | JunSens/south_5-chalus:closure | JunSens/south_5-chalus_alt:closure | JunSens/south_5-kelardasht:closure | JunSens/south_5-kelardasht_alt:closure | JunSens/south_5-nowshahr:closure | JunSens/south_5-nowshahr_alt:closure,NO,Use 12-Jun version; no route/corridor effect,"{""highway"":[""trunk"",""primary""]}","{""bridge"":""yes"",""highway"":""primary"",""layer"":""1"",""maxspeed"":""80"",""name"":""امام خمینی"",""oneway"":""yes"",""ref"":""77""}","[1925170087,1870234098]",,https://www.openstreetmap.org/way/499183869/history
way/499183870,9,2021-11-17 05:28:47+00:00,2024-06-07T18:51:21Z,11,2024-06-07T18:51:21Z,2024-08-13T08:29:21Z,B_ROUTING_ATTRIBUTE,Jan/south-chalus:closure | Jan/south-chalus_alt:closure | Jan/south-kelardasht:closure | Jan/south-kelardasht_alt:closure | Jan/south-nowshahr:closure | Jan/south-nowshahr_alt:closure | Jan/south_10-chalus:closure | Jan/south_10-chalus_alt:closure | Jan/south_10-kelardasht:closure | Jan/south_10-kelardasht_alt:closure | Jan/south_10-nowshahr:closure | Jan/south_10-nowshahr_alt:closure | Jan/south_5-chalus:closure | Jan/south_5-chalus_alt:closure | Jan/south_5-kelardasht:closure | Jan/south_5-kelardasht_alt:closure | Jan/south_5-nowshahr:closure | Jan/south_5-nowshahr_alt:closure | Jun/south-chalus:closure | Jun/south-kelardasht:closure | Jun/south-nowshahr:closure | JunGate/south+0-chalus:closure | JunGate/south+0-kelardasht:closure | JunGate/south+0-nowshahr:closure | JunGate/south+10-chalus:closure | JunGate/south+10-kelardasht:closure | JunGate/south+10-nowshahr:closure | JunGate/south+5-chalus:closure | JunGate/south+5-kelardasht:closure | JunGate/south+5-nowshahr:closure | JunSens/south-chalus:closure | JunSens/south-chalus_alt:closure | JunSens/south-kelardasht:closure | JunSens/south-kelardasht_alt:closure | JunSens/south-nowshahr:closure | JunSens/south-nowshahr_alt:closure | JunSens/south_10-chalus:closure | JunSens/south_10-chalus_alt:closure | JunSens/south_10-kelardasht:closure | JunSens/south_10-kelardasht_alt:closure | JunSens/south_10-nowshahr:closure | JunSens/south_10-nowshahr_alt:closure | JunSens/south_5-chalus:closure | JunSens/south_5-chalus_alt:closure | JunSens/south_5-kelardasht:closure | JunSens/south_5-kelardasht_alt:closure | JunSens/south_5-nowshahr:closure | JunSens/south_5-nowshahr_alt:closure,NO,Use 12-Jun version; no route/corridor effect,"{""highway"":[""trunk"",""primary""]}","{""highway"":""primary"",""maxspeed"":""80"",""name"":""امام خمینی"",""oneway"":""yes"",""ref"":""77""}","[1870234098,9258979184,1925170070,4897254899,4259883877,4259883876,1870234119,4259883872,1925170035,1870233923,4259883860,4259883842,4259883834,6816686239,4897254895,1870233728,1870233880,4259883767,4907929971,5032773788,5131140824,1870233707,1884463003,1884463004,1884463005,11963297835,1884463006,11963297829,11963297834,4897254889,1884463007,1884463009]",,https://www.openstreetmap.org/way/499183870/history
way/516357070,11,2023-03-13 11:59:56+00:00,2024-05-07T09:18:07Z,13,2024-05-07T09:18:07Z,,A_NON_MATERIAL,Jan/west-chalus:base | Jan/west-chalus:closure | Jan/west-chalus_alt:base | Jan/west-chalus_alt:closure | Jan/west-kelardasht:base | Jan/west-kelardasht:closure | Jan/west-kelardasht_alt:base | Jan/west-kelardasht_alt:closure | Jan/west-nowshahr:base | Jan/west-nowshahr:closure | Jan/west-nowshahr_alt:base | Jan/west-nowshahr_alt:closure | Jun/west-chalus:base | Jun/west-chalus:closure | Jun/west-kelardasht:base | Jun/west-kelardasht:closure | Jun/west-nowshahr:base | Jun/west-nowshahr:closure | JunGate/west+0-chalus:base | JunGate/west+0-chalus:closure | JunGate/west+0-kelardasht:base | JunGate/west+0-kelardasht:closure | JunGate/west+0-nowshahr:base | JunGate/west+0-nowshahr:closure | JunSens/west-chalus:base | JunSens/west-chalus:closure | JunSens/west-chalus_alt:base | JunSens/west-chalus_alt:closure | JunSens/west-kelardasht:base | JunSens/west-kelardasht:closure | JunSens/west-kelardasht_alt:base | JunSens/west-kelardasht_alt:closure | JunSens/west-nowshahr:base | JunSens/west-nowshahr:closure | JunSens/west-nowshahr_alt:base | JunSens/west-nowshahr_alt:closure,NO,Use 12-Jun version; no route/corridor effect,"{""name"":[""جاده ساحلی"",""بلوار امام رضا""],""alt_name"":[null,""جاده ساحلی""]}","{""alt_name"":""جاده ساحلی"",""highway"":""trunk"",""lanes"":""2"",""lit"":""yes"",""maxspeed"":""60"",""name"":""بلوار امام رضا"",""oneway"":""yes"",""ref"":""22"",""sidewalk"":""yes"",""surface"":""asphalt""}","[2108868138,2108868150,2108868151,11583617146,5141860402,5141860391,5141860403,2108868157,2108868159,2108868162,2108868164,5040805576]",,https://www.openstreetmap.org/way/516357070/history
way/516756224,15,2022-01-23 08:05:44+00:00,2024-06-07T18:51:21Z,16,2024-06-07T18:51:21Z,2024-08-13T08:29:21Z,B_ROUTING_ATTRIBUTE,Jan/south-chalus:closure | Jan/south-chalus_alt:closure | Jan/south-kelardasht:closure | Jan/south-kelardasht_alt:closure | Jan/south-nowshahr:closure | Jan/south-nowshahr_alt:closure | Jan/south_10-chalus:closure | Jan/south_10-chalus_alt:closure | Jan/south_10-kelardasht:closure | Jan/south_10-kelardasht_alt:closure | Jan/south_10-nowshahr:closure | Jan/south_10-nowshahr_alt:closure | Jan/south_5-chalus:closure | Jan/south_5-chalus_alt:closure | Jan/south_5-kelardasht:closure | Jan/south_5-kelardasht_alt:closure | Jan/south_5-nowshahr:closure | Jan/south_5-nowshahr_alt:closure | Jun/south-chalus:closure | Jun/south-kelardasht:closure | Jun/south-nowshahr:closure | JunGate/south+0-chalus:closure | JunGate/south+0-kelardasht:closure | JunGate/south+0-nowshahr:closure | JunGate/south+10-chalus:closure | JunGate/south+10-kelardasht:closure | JunGate/south+10-nowshahr:closure | JunGate/south+5-chalus:closure | JunGate/south+5-kelardasht:closure | JunGate/south+5-nowshahr:closure | JunSens/south-chalus:closure | JunSens/south-chalus_alt:closure | JunSens/south-kelardasht:closure | JunSens/south-kelardasht_alt:closure | JunSens/south-nowshahr:closure | JunSens/south-nowshahr_alt:closure | JunSens/south_10-chalus:closure | JunSens/south_10-chalus_alt:closure | JunSens/south_10-kelardasht:closure | JunSens/south_10-kelardasht_alt:closure | JunSens/south_10-nowshahr:closure | JunSens/south_10-nowshahr_alt:closure | JunSens/south_5-chalus:closure | JunSens/south_5-chalus_alt:closure | JunSens/south_5-kelardasht:closure | JunSens/south_5-kelardasht_alt:closure | JunSens/south_5-nowshahr:closure | JunSens/south_5-nowshahr_alt:closure,NO,Use 12-Jun version; no route/corridor effect,"{""highway"":[""trunk"",""primary""]}","{""highway"":""primary"",""lanes"":""2"",""maxspeed"":""60"",""name"":""امام خمینی"",""oneway"":""yes"",""ref"":""77"",""surface"":""asphalt""}","[1884463134,1884463135,11963297844,1884463136,1884463137,918589061,7252127237,8027980177,7288719831,7288719832,918588595,6397892020,8200853112,3718323795,27215781,918588929,3718323797,9441720425,3718323814,3718323816,918588814,1925170300,1925170365,5044024549,27215782,3718327784,1925170470,918589161,1925170560,1925170586,918589036,918588199,27215783,5044275219,918588061,5044275217,918588030,1925170856,918589001,918588374,1925170917,1884463140,1884463141,1884463142,1884463143,1884463144,1884463145,1884463146,6208446054]",,https://www.openstreetmap.org/way/516756224/history
way/526155130,10,2023-06-04 19:13:23+00:00,2024-06-12T13:52:36Z,11,2024-06-12T13:52:36Z,,B_ROUTING_ATTRIBUTE,Jan/east-chalus:base | Jan/east-chalus:closure | Jan/east-chalus_alt:base | Jan/east-chalus_alt:closure | Jan/east-kelardasht:base | Jan/east-kelardasht:closure | Jan/east-kelardasht_alt:base | Jan/east-kelardasht_alt:closure | Jan/east-nowshahr:base | Jan/east-nowshahr:closure | Jan/east-nowshahr_alt:base | Jan/east-nowshahr_alt:closure | Jun/east-chalus:base | Jun/east-chalus:closure | Jun/east-kelardasht:base | Jun/east-kelardasht:closure | Jun/east-nowshahr:base | Jun/east-nowshahr:closure | JunGate/east+0-chalus:base | JunGate/east+0-chalus:closure | JunGate/east+0-kelardasht:base | JunGate/east+0-kelardasht:closure | JunGate/east+0-nowshahr:base | JunGate/east+0-nowshahr:closure | JunGate/east+5-chalus:base | JunGate/east+5-chalus:closure | JunGate/east+5-kelardasht:base | JunGate/east+5-kelardasht:closure | JunGate/east+5-nowshahr:base | JunGate/east+5-nowshahr:closure | JunSens/east-chalus:base | JunSens/east-chalus:closure | JunSens/east-chalus_alt:base | JunSens/east-chalus_alt:closure | JunSens/east-kelardasht:base | JunSens/east-kelardasht:closure | JunSens/east-kelardasht_alt:base | JunSens/east-kelardasht_alt:closure | JunSens/east-nowshahr:base | JunSens/east-nowshahr:closure | JunSens/east-nowshahr_alt:base | JunSens/east-nowshahr_alt:closure,NO,Use 12-Jun version; no route/corridor effect,"{""highway"":[""trunk"",""primary""]}","{""alt_name"":""خیابان طالب آملی"",""highway"":""primary"",""lanes"":""2"",""name"":""طالب آملی"",""name:en"":""Taleb Amoli Street"",""oneway"":""yes""}","[5117177300,5117178035,2573251126,4142523404,4142537493,2573251127,5117178096,4142537498,4142537500,4142537513,2573295874,2573251128,9987555261,9987555262,2573295847,4142377172,4142304960,10106035805,2573251129,4142377166,4142304967,4142367916,2573251130,4142304969,2573251131,4142367914,2573251132,4142317707,2573251133,4142317718,10124309069,5960887698,4142317711,2573251134,2573251135,2573251136,2573251137,4142304974,2573251138,2573251139,2379121232,8263276252,2654182017,5235950214,7013132409,7013132410,2379121259]",,https://www.openstreetmap.org/way/526155130/history
way/532063026,15,2023-12-15 18:22:09+00:00,2024-03-21T08:13:30Z,16,2024-03-21T08:13:30Z,2025-05-10T16:14:52Z,A_NON_MATERIAL,Jan/south-chalus:closure | Jan/south-chalus_alt:closure | Jan/south-kelardasht:closure | Jan/south-kelardasht_alt:closure | Jan/south-nowshahr:closure | Jan/south-nowshahr_alt:closure | Jan/south_10-chalus:closure | Jan/south_10-chalus_alt:closure | Jan/south_10-kelardasht:closure | Jan/south_10-kelardasht_alt:closure | Jan/south_10-nowshahr:closure | Jan/south_10-nowshahr_alt:closure | Jan/south_5-chalus:closure | Jan/south_5-chalus_alt:closure | Jan/south_5-kelardasht:closure | Jan/south_5-kelardasht_alt:closure | Jan/south_5-nowshahr:closure | Jan/south_5-nowshahr_alt:closure | Jun/south-chalus:closure | Jun/south-kelardasht:closure | Jun/south-nowshahr:closure | JunGate/south+0-chalus:closure | JunGate/south+0-kelardasht:closure | JunGate/south+0-nowshahr:closure | JunGate/south+10-chalus:closure | JunGate/south+10-kelardasht:closure | JunGate/south+10-nowshahr:closure | JunGate/south+5-chalus:closure | JunGate/south+5-kelardasht:closure | JunGate/south+5-nowshahr:closure | JunSens/south-chalus:closure | JunSens/south-chalus_alt:closure | JunSens/south-kelardasht:closure | JunSens/south-kelardasht_alt:closure | JunSens/south-nowshahr:closure | JunSens/south-nowshahr_alt:closure | JunSens/south_10-chalus:closure | JunSens/south_10-chalus_alt:closure | JunSens/south_10-kelardasht:closure | JunSens/south_10-kelardasht_alt:closure | JunSens/south_10-nowshahr:closure | JunSens/south_10-nowshahr_alt:closure | JunSens/south_5-chalus:closure | JunSens/south_5-chalus_alt:closure | JunSens/south_5-kelardasht:closure | JunSens/south_5-kelardasht_alt:closure | JunSens/south_5-nowshahr:closure | JunSens/south_5-nowshahr_alt:closure,NO,Use 12-Jun version; no route/corridor effect,"{""lanes"":[null,""4""]}","{""full_name:fa"":""بزرگراه شهید محمدابراهیم همت"",""highway"":""trunk"",""lanes"":""4"",""maxheight"":""4.5"",""maxspeed"":""90"",""name"":""بزرگراه شهید همت"",""name:en"":""Shahid Hemmat Expressway"",""old_name"":""بزرگراه شمال عباس آباد"",""oneway"":""yes"",""ref"":""14"",""surface"":""asphalt""}","[34024741,6463215561,5930756069,1864237228,4386639855,6463215451,1864237212,4668780044,1864237205,6463215440,6463215437,3656661698,1864237203,6463215436,27635012]",,https://www.openstreetmap.org/way/532063026/history
way/548544469,8,2021-07-22 17:50:57+00:00,2024-04-02T16:52:43Z,9,2024-04-02T16:52:43Z,2025-03-26T11:16:31Z,A_NON_MATERIAL,Jan/south-chalus:closure | Jan/south-chalus_alt:closure | Jan/south-kelardasht:closure | Jan/south-kelardasht_alt:closure | Jan/south-nowshahr:closure | Jan/south-nowshahr_alt:closure | Jan/south_10-chalus:closure | Jan/south_10-chalus_alt:closure | Jan/south_10-kelardasht:closure | Jan/south_10-kelardasht_alt:closure | Jan/south_10-nowshahr:closure | Jan/south_10-nowshahr_alt:closure | Jan/south_5-chalus:closure | Jan/south_5-chalus_alt:closure | Jan/south_5-kelardasht:closure | Jan/south_5-kelardasht_alt:closure | Jan/south_5-nowshahr:closure | Jan/south_5-nowshahr_alt:closure | Jun/south-chalus:closure | Jun/south-kelardasht:closure | Jun/south-nowshahr:closure | JunGate/south+0-chalus:closure | JunGate/south+0-kelardasht:closure | JunGate/south+0-nowshahr:closure | JunGate/south+10-chalus:closure | JunGate/south+10-kelardasht:closure | JunGate/south+10-nowshahr:closure | JunGate/south+5-chalus:closure | JunGate/south+5-kelardasht:closure | JunGate/south+5-nowshahr:closure | JunSens/south-chalus:closure | JunSens/south-chalus_alt:closure | JunSens/south-kelardasht:closure | JunSens/south-kelardasht_alt:closure | JunSens/south-nowshahr:closure | JunSens/south-nowshahr_alt:closure | JunSens/south_10-chalus:closure | JunSens/south_10-chalus_alt:closure | JunSens/south_10-kelardasht:closure | JunSens/south_10-kelardasht_alt:closure | JunSens/south_10-nowshahr:closure | JunSens/south_10-nowshahr_alt:closure | JunSens/south_5-chalus:closure | JunSens/south_5-chalus_alt:closure | JunSens/south_5-kelardasht:closure | JunSens/south_5-kelardasht_alt:closure | JunSens/south_5-nowshahr:closure | JunSens/south_5-nowshahr_alt:closure,NO,Use 12-Jun version; no route/corridor effect,{},"{""highway"":""trunk_link"",""maxheight"":""60"",""maxspeed"":""90"",""name"":""بزرگراه خرازی"",""name:en"":""Kharrazi Expressway"",""oneway"":""yes""}","[5554651284,5299253268,5299253272,5299253269,3310612866,5299253270,11780802026,5299253271]",,https://www.openstreetmap.org/way/548544469/history
way/580172927,3,2019-08-10 05:53:53+00:00,2024-04-02T16:52:43Z,4,2024-04-02T16:52:43Z,2025-03-26T11:16:31Z,A_NON_MATERIAL,Jan/south-chalus:closure | Jan/south-chalus_alt:closure | Jan/south-kelardasht:closure | Jan/south-kelardasht_alt:closure | Jan/south-nowshahr:closure | Jan/south-nowshahr_alt:closure | Jan/south_10-chalus:closure | Jan/south_10-chalus_alt:closure | Jan/south_10-kelardasht:closure | Jan/south_10-kelardasht_alt:closure | Jan/south_10-nowshahr:closure | Jan/south_10-nowshahr_alt:closure | Jan/south_5-chalus:closure | Jan/south_5-chalus_alt:closure | Jan/south_5-kelardasht:closure | Jan/south_5-kelardasht_alt:closure | Jan/south_5-nowshahr:closure | Jan/south_5-nowshahr_alt:closure | Jun/south-chalus:closure | Jun/south-kelardasht:closure | Jun/south-nowshahr:closure | JunGate/south+0-chalus:closure | JunGate/south+0-kelardasht:closure | JunGate/south+0-nowshahr:closure | JunGate/south+10-chalus:closure | JunGate/south+10-kelardasht:closure | JunGate/south+10-nowshahr:closure | JunGate/south+5-chalus:closure | JunGate/south+5-kelardasht:closure | JunGate/south+5-nowshahr:closure | JunSens/south-chalus:closure | JunSens/south-chalus_alt:closure | JunSens/south-kelardasht:closure | JunSens/south-kelardasht_alt:closure | JunSens/south-nowshahr:closure | JunSens/south-nowshahr_alt:closure | JunSens/south_10-chalus:closure | JunSens/south_10-chalus_alt:closure | JunSens/south_10-kelardasht:closure | JunSens/south_10-kelardasht_alt:closure | JunSens/south_10-nowshahr:closure | JunSens/south_10-nowshahr_alt:closure | JunSens/south_5-chalus:closure | JunSens/south_5-chalus_alt:closure | JunSens/south_5-kelardasht:closure | JunSens/south_5-kelardasht_alt:closure | JunSens/south_5-nowshahr:closure | JunSens/south_5-nowshahr_alt:closure,NO,Use 12-Jun version; no route/corridor effect,{},"{""highway"":""trunk_link"",""maxspeed"":""90"",""oneway"":""yes""}","[5299253273,5299253274,11780802025,4359233710,5299253275,5299253276]",,https://www.openstreetmap.org/way/580172927/history
way/599206142,17,2023-07-27 18:37:42+00:00,2024-01-20T16:17:40Z,18,2024-01-20T16:17:40Z,,A_NON_MATERIAL,Jan/west-chalus:base | Jan/west-chalus:closure | Jan/west-chalus_alt:base | Jan/west-chalus_alt:closure | Jan/west-nowshahr:base | Jan/west-nowshahr:closure | Jan/west-nowshahr_alt:base | Jan/west-nowshahr_alt:closure | Jun/west-chalus:base | Jun/west-chalus:closure | Jun/west-nowshahr:base | Jun/west-nowshahr:closure | JunGate/west+0-chalus:base | JunGate/west+0-chalus:closure | JunGate/west+0-nowshahr:base | JunGate/west+0-nowshahr:closure | JunGate/west+10-chalus:base | JunGate/west+10-chalus:closure | JunGate/west+10-nowshahr:base | JunGate/west+10-nowshahr:closure | JunGate/west+5-chalus:base | JunGate/west+5-chalus:closure | JunGate/west+5-nowshahr:base | JunGate/west+5-nowshahr:closure | JunSens/west-chalus:base | JunSens/west-chalus:closure | JunSens/west-chalus_alt:base | JunSens/west-chalus_alt:closure | JunSens/west-nowshahr:base | JunSens/west-nowshahr:closure | JunSens/west-nowshahr_alt:base | JunSens/west-nowshahr_alt:closure,NO,Use 12-Jun version; no route/corridor effect,{},"{""alt_name"":""جاده ساحلی"",""highway"":""trunk"",""lanes"":""2"",""lit"":""yes"",""maxspeed"":""50"",""name"":""بلوار امام رضا"",""oneway"":""yes"",""ref"":""22"",""sidewalk"":""yes"",""surface"":""asphalt""}","[1116793467,6197645781,1116793602,2396991978,6241348960,5696894760,2396991980,4063195878,2396991976,5696031914,4833231656,6241348961,6195642195,5696013352,6241348963,2396991966,11534210208,10731029367,4063195872,5695063406,5695063408,4063195869,4063456611,4063195865,2396991962,4063456610,5117626428,4063195861,6241348965,4061801100,6241348967,4061801099,4063195854,5694833661,6192502222,6241348969,4061801094,5694790662,4061801091,4061801090,4063195843,2396991951,4063195842,2396991949,2396991948,2396991946,4063195836,4061801075,2396991943,2396991940,2396991938,11071756442,4833406361,6241348972,6191864624,6191864625,2396991929,2396991928,2396991927,4063195831,5694722999,2396991923,2396991918,4833406042,2396991915,6201348983]",,https://www.openstreetmap.org/way/599206142/history
way/612366167,6,2019-11-27 05:03:22+00:00,2024-01-25T08:28:11Z,7,2024-01-25T08:28:11Z,,A_NON_MATERIAL,Jan/south-chalus:closure | Jan/south-chalus_alt:closure | Jan/south-kelardasht:closure | Jan/south-kelardasht_alt:closure | Jan/south-nowshahr:closure | Jan/south-nowshahr_alt:closure | Jan/south_10-chalus:closure | Jan/south_10-chalus_alt:closure | Jan/south_10-kelardasht:closure | Jan/south_10-kelardasht_alt:closure | Jan/south_10-nowshahr:closure | Jan/south_10-nowshahr_alt:closure | Jan/south_5-chalus:closure | Jan/south_5-chalus_alt:closure | Jan/south_5-kelardasht:closure | Jan/south_5-kelardasht_alt:closure | Jan/south_5-nowshahr:closure | Jan/south_5-nowshahr_alt:closure | Jun/south-chalus:closure | Jun/south-kelardasht:closure | Jun/south-nowshahr:closure | JunGate/south+0-chalus:closure | JunGate/south+0-kelardasht:closure | JunGate/south+0-nowshahr:closure | JunGate/south+10-chalus:closure | JunGate/south+10-kelardasht:closure | JunGate/south+10-nowshahr:closure | JunGate/south+5-chalus:closure | JunGate/south+5-kelardasht:closure | JunGate/south+5-nowshahr:closure | JunSens/south-chalus:closure | JunSens/south-chalus_alt:closure | JunSens/south-kelardasht:closure | JunSens/south-kelardasht_alt:closure | JunSens/south-nowshahr:closure | JunSens/south-nowshahr_alt:closure | JunSens/south_10-chalus:closure | JunSens/south_10-chalus_alt:closure | JunSens/south_10-kelardasht:closure | JunSens/south_10-kelardasht_alt:closure | JunSens/south_10-nowshahr:closure | JunSens/south_10-nowshahr_alt:closure | JunSens/south_5-chalus:closure | JunSens/south_5-chalus_alt:closure | JunSens/south_5-kelardasht:closure | JunSens/south_5-kelardasht_alt:closure | JunSens/south_5-nowshahr:closure | JunSens/south_5-nowshahr_alt:closure,NO,Use 12-Jun version; no route/corridor effect,{},"{""highway"":""trunk"",""maxspeed"":""80"",""name"":""جاده تهران - هراز"",""oneway"":""yes"",""ref"":""77""}","[1884564973,5033027243,5033027245,2155861801,5796709738,5796709729,5796709740,5796709725,11549119290,5796709716,5796709733,5796709730,1884564991,11549119295,5796713641,11549119294,5796713579,5796713593,5796713608,11549119300,5796713620,11549119298,5796713594,11549119299,5796713634,5796713624,5796713577,5796713602,5796713590,5796713614,5796713575,7013030293,5796713616,5796713585,5796713636,5796713597,5796713631,5796713626,5796713629,5796713580,5796713623,5796713591,5796713581,5796713583,5796713595,5796713598,5796713589,5796713596,5796713578,5796713582,11549119305,5796713607,5796713619,5796713625,5796713599,5796716909,5796716935,5796716911,5796716906,5796716933,11549119311,5796716929,5796716937,11549119310,5796716904,5796716923,5796716900,11549119309,5796716913,5796716938,5796716922,11549119312,5796716940,5796716908,5796716939,5796716926,5796716907]",,https://www.openstreetmap.org/way/612366167/history
way/624764018,4,2021-05-16 11:04:42+00:00,2024-03-29T16:38:11Z,5,2024-03-29T16:38:11Z,,B_ROUTING_ATTRIBUTE,Jan/east-kelardasht:base | Jan/east-kelardasht:closure | Jan/east-kelardasht_alt:base | Jan/east-kelardasht_alt:closure | Jan/south-kelardasht:base | Jan/south-kelardasht:closure | Jan/south-kelardasht_alt:base | Jan/south-kelardasht_alt:closure | Jan/south_10-kelardasht:base | Jan/south_10-kelardasht:closure | Jan/south_10-kelardasht_alt:base | Jan/south_10-kelardasht_alt:closure | Jan/south_5-kelardasht:base | Jan/south_5-kelardasht:closure | Jan/south_5-kelardasht_alt:base | Jan/south_5-kelardasht_alt:closure | Jun/east-kelardasht:base | Jun/east-kelardasht:closure | Jun/south-kelardasht:base | Jun/south-kelardasht:closure | JunGate/east+0-kelardasht:base | JunGate/east+0-kelardasht:closure | JunGate/east+10-kelardasht:base | JunGate/east+10-kelardasht:closure | JunGate/east+5-kelardasht:base | JunGate/east+5-kelardasht:closure | JunGate/south+0-kelardasht:base | JunGate/south+0-kelardasht:closure | JunGate/south+10-kelardasht:base | JunGate/south+10-kelardasht:closure | JunGate/south+5-kelardasht:base | JunGate/south+5-kelardasht:closure | JunSens/east-kelardasht:base | JunSens/east-kelardasht:closure | JunSens/east-kelardasht_alt:base | JunSens/east-kelardasht_alt:closure | JunSens/south-kelardasht:base | JunSens/south-kelardasht:closure | JunSens/south-kelardasht_alt:base | JunSens/south-kelardasht_alt:closure | JunSens/south_10-kelardasht:base | JunSens/south_10-kelardasht:closure | JunSens/south_10-kelardasht_alt:base | JunSens/south_10-kelardasht_alt:closure | JunSens/south_5-kelardasht:base | JunSens/south_5-kelardasht:closure | JunSens/south_5-kelardasht_alt:base | JunSens/south_5-kelardasht_alt:closure,NO,Use 12-Jun version; no route/corridor effect,"{""highway"":[""primary"",""secondary""]}","{""bridge"":""yes"",""highway"":""secondary"",""lanes"":""2"",""layer"":""1"",""maxspeed"":""40"",""surface"":""asphalt""}","[3323647327,5110355886]",,https://www.openstreetmap.org/way/624764018/history
way/625504168,16,2021-05-17 13:55:08+00:00,2024-05-27T07:19:01Z,17,2024-05-27T07:19:01Z,,C_TOPOLOGY,Jan/west-kelardasht:base | Jan/west-kelardasht:closure | Jan/west-kelardasht_alt:base | Jan/west-kelardasht_alt:closure | Jun/west-kelardasht:base | Jun/west-kelardasht:closure | JunGate/west+0-kelardasht:base | JunGate/west+0-kelardasht:closure | JunGate/west+10-kelardasht:base | JunGate/west+10-kelardasht:closure | JunGate/west+5-kelardasht:base | JunGate/west+5-kelardasht:closure | JunSens/west-kelardasht:base | JunSens/west-kelardasht:closure | JunSens/west-kelardasht_alt:base | JunSens/west-kelardasht_alt:closure,NO,Use 12-Jun version; no route/corridor effect,{},"{""highway"":""secondary"",""lanes"":""2"",""lit"":""yes"",""maxspeed"":""50"",""name"":""شهید دلفان آذری"",""oneway"":""yes"",""surface"":""asphalt""}","[5558731158,5558711679,6582191249,6582191252,5558711678,5602166688]",,https://www.openstreetmap.org/way/625504168/history
way/651544841,10,2023-09-07 03:23:22+00:00,2024-04-02T13:15:53Z,11,2024-04-02T13:15:53Z,,A_NON_MATERIAL,Jan/south-chalus:base | Jan/south-chalus_alt:base | Jan/south-nowshahr:base | Jan/south-nowshahr_alt:base | Jan/south_10-chalus:base | Jan/south_10-chalus_alt:base | Jan/south_10-nowshahr:base | Jan/south_10-nowshahr_alt:base | Jan/south_5-chalus:base | Jan/south_5-chalus_alt:base | Jan/south_5-nowshahr:base | Jan/south_5-nowshahr_alt:base | Jun/south-chalus:base | Jun/south-nowshahr:base | JunGate/south+0-chalus:base | JunGate/south+0-nowshahr:base | JunGate/south+10-chalus:base | JunGate/south+10-nowshahr:base | JunGate/south+5-chalus:base | JunGate/south+5-nowshahr:base | JunSens/south-chalus:base | JunSens/south-chalus_alt:base | JunSens/south-nowshahr:base | JunSens/south-nowshahr_alt:base | JunSens/south_10-chalus:base | JunSens/south_10-chalus_alt:base | JunSens/south_10-nowshahr:base | JunSens/south_10-nowshahr_alt:base | JunSens/south_5-chalus:base | JunSens/south_5-chalus_alt:base | JunSens/south_5-nowshahr:base | JunSens/south_5-nowshahr_alt:base,NO,Use 12-Jun version; no route/corridor effect,"{""maxspeed"":[""100"",""60""],""lock"":[null,""yes""]}","{""hgv"":""no"",""highway"":""motorway"",""lanes"":""4"",""lit"":""yes"",""lock"":""yes"",""maxspeed"":""60"",""motorcycle"":""no"",""name"":""آزادراه تهران - شمال"",""name:en"":""Tehran - North Freeway"",""oneway"":""yes"",""ref"":""3"",""ref:fa"":""۳"",""surface"":""asphalt"",""toll"":""yes""}","[5266776974,5266776973,6229666337,3724790644,3724790645,5042610926,6109531628]",,https://www.openstreetmap.org/way/651544841/history
way/660316424,11,2023-10-19 18:41:06+00:00,2024-04-04T06:01:45Z,12,2024-04-04T06:01:45Z,2025-02-07T00:09:44Z,A_NON_MATERIAL,Jan/south-chalus:closure | Jan/south-chalus_alt:closure | Jan/south-kelardasht:closure | Jan/south-kelardasht_alt:closure | Jan/south-nowshahr:closure | Jan/south-nowshahr_alt:closure | Jan/south_10-chalus:closure | Jan/south_10-chalus_alt:closure | Jan/south_10-kelardasht:closure | Jan/south_10-kelardasht_alt:closure | Jan/south_10-nowshahr:closure | Jan/south_10-nowshahr_alt:closure | Jan/south_5-chalus:closure | Jan/south_5-chalus_alt:closure | Jan/south_5-kelardasht:closure | Jan/south_5-kelardasht_alt:closure | Jan/south_5-nowshahr:closure | Jan/south_5-nowshahr_alt:closure | Jun/south-chalus:closure | Jun/south-kelardasht:closure | Jun/south-nowshahr:closure | JunGate/south+0-chalus:closure | JunGate/south+0-kelardasht:closure | JunGate/south+0-nowshahr:closure | JunGate/south+10-chalus:closure | JunGate/south+10-kelardasht:closure | JunGate/south+10-nowshahr:closure | JunGate/south+5-chalus:closure | JunGate/south+5-kelardasht:closure | JunGate/south+5-nowshahr:closure | JunSens/south-chalus:closure | JunSens/south-chalus_alt:closure | JunSens/south-kelardasht:closure | JunSens/south-kelardasht_alt:closure | JunSens/south-nowshahr:closure | JunSens/south-nowshahr_alt:closure | JunSens/south_10-chalus:closure | JunSens/south_10-chalus_alt:closure | JunSens/south_10-kelardasht:closure | JunSens/south_10-kelardasht_alt:closure | JunSens/south_10-nowshahr:closure | JunSens/south_10-nowshahr_alt:closure | JunSens/south_5-chalus:closure | JunSens/south_5-chalus_alt:closure | JunSens/south_5-kelardasht:closure | JunSens/south_5-kelardasht_alt:closure | JunSens/south_5-nowshahr:closure | JunSens/south_5-nowshahr_alt:closure,NO,Use 12-Jun version; no route/corridor effect,{},"{""alt_name"":""جاده چمستان"",""highway"":""primary"",""maxspeed"":""70"",""name"":""جاده آمل - چمستان"",""oneway"":""yes"",""surface"":""asphalt""}","[6182278894,11786168047,6182278907,7836864262,7221869976,6326710032,6182278931,6182278910,6182278932,7221869977,7589287339,6326710031,6020587181,6020587185,6326710030,7629442629,6020587179,6326710029,6020587178,6020587166,6182278909,6182278908,6182278897,6020587123,3280551727,6020587112,3280551736,11061510871]",,https://www.openstreetmap.org/way/660316424/history
way/664435636,8,2020-11-13 15:34:32+00:00,2024-03-26T08:38:47Z,9,2024-03-26T08:38:47Z,,A_NON_MATERIAL,Jan/south-chalus:base | Jan/south-chalus_alt:base | Jan/south-kelardasht:base | Jan/south-kelardasht_alt:base | Jan/south-nowshahr:base | Jan/south-nowshahr_alt:base | Jan/south_10-chalus:base | Jan/south_10-chalus_alt:base | Jan/south_10-kelardasht:base | Jan/south_10-kelardasht_alt:base | Jan/south_10-nowshahr:base | Jan/south_10-nowshahr_alt:base | Jan/south_5-chalus:base | Jan/south_5-chalus_alt:base | Jan/south_5-kelardasht:base | Jan/south_5-kelardasht_alt:base | Jan/south_5-nowshahr:base | Jan/south_5-nowshahr_alt:base | Jun/south-chalus:base | Jun/south-kelardasht:base | Jun/south-nowshahr:base | JunGate/south+0-chalus:base | JunGate/south+0-kelardasht:base | JunGate/south+0-nowshahr:base | JunGate/south+10-chalus:base | JunGate/south+10-kelardasht:base | JunGate/south+10-nowshahr:base | JunGate/south+5-chalus:base | JunGate/south+5-kelardasht:base | JunGate/south+5-nowshahr:base | JunSens/south-chalus:base | JunSens/south-chalus_alt:base | JunSens/south-kelardasht:base | JunSens/south-kelardasht_alt:base | JunSens/south-nowshahr:base | JunSens/south-nowshahr_alt:base | JunSens/south_10-chalus:base | JunSens/south_10-chalus_alt:base | JunSens/south_10-kelardasht:base | JunSens/south_10-kelardasht_alt:base | JunSens/south_10-nowshahr:base | JunSens/south_10-nowshahr_alt:base | JunSens/south_5-chalus:base | JunSens/south_5-chalus_alt:base | JunSens/south_5-kelardasht:base | JunSens/south_5-kelardasht_alt:base | JunSens/south_5-nowshahr:base | JunSens/south_5-nowshahr_alt:base,NO,Use 12-Jun version; no route/corridor effect,"{""maxspeed"":[""50"",""40""]}","{""hgv"":""no"",""highway"":""primary"",""lanes"":""2"",""maxspeed"":""40"",""maxspeed:backward"":""60"",""maxspeed:forward"":""40"",""motorcycle"":""no"",""name"":""جاده چالوس"",""name:en"":""Chalus Road"",""overtaking"":""no"",""ref"":""59"",""ref:fa"":""۵۹"",""surface"":""asphalt""}","[7352258661,5590594722,6221237584,2141829365,7549251846,4122942827,2141829368,6221237583,6221237582,2141829370,6221237581,2141829372,6221237580,3243287961,2141829375,6221237579,2141829377,6221237578,6603471568,2141829378,6603471567,6603471566,2141829379,3243272497,2141829380,6221237577,3243272496,6232484651,2141829381,2141829383,6221237576,6221237575,2141829385,6221237574,2141829387,6603471565,6221237572,6221237571,6603471564,3243272495,6221237570,2141829396,6221237569,4122942824,2141829398,6603471563,6221237568,6221237567,3243272494,2141829403,3243272492,6603471562,6221237565,4122942823,2141829405,6221237564,2141829419,3243272491,6221237563,3243272490,6221237562,6221237561,6221237560,2141829421,6603471561,6221237559,6603471560,2141829423,2141829425,2141829428,6221237556,6221237555,2141829429,6603471559,2141829430,6603471558,6221237554,2141829431,6221237553,6221237552,6603471557,2141829432,6221237550,6221237549,6603471556,2141829433,6603471555,6232484652,6603471554,6603471553,6603471552,6603471551,2141829436,6221237543,6603471550,2141829445]",,https://www.openstreetmap.org/way/664435636/history
way/664585316,11,2022-09-28 09:18:35+00:00,2024-04-06T08:35:36Z,12,2024-04-06T08:35:36Z,2025-08-19T08:59:09Z,C_TOPOLOGY,Jan/south-chalus:base | Jan/south-chalus_alt:base | Jan/south-kelardasht:base | Jan/south-kelardasht_alt:base | Jan/south-nowshahr:base | Jan/south-nowshahr_alt:base | Jan/south_10-chalus:base | Jan/south_10-chalus_alt:base | Jan/south_10-kelardasht:base | Jan/south_10-kelardasht_alt:base | Jan/south_10-nowshahr:base | Jan/south_10-nowshahr_alt:base | Jan/south_5-chalus:base | Jan/south_5-chalus_alt:base | Jan/south_5-kelardasht:base | Jan/south_5-kelardasht_alt:base | Jan/south_5-nowshahr:base | Jan/south_5-nowshahr_alt:base | Jun/south-chalus:base | Jun/south-kelardasht:base | Jun/south-nowshahr:base | JunGate/south+0-chalus:base | JunGate/south+0-kelardasht:base | JunGate/south+0-nowshahr:base | JunGate/south+10-chalus:base | JunGate/south+10-kelardasht:base | JunGate/south+10-nowshahr:base | JunGate/south+5-chalus:base | JunGate/south+5-kelardasht:base | JunGate/south+5-nowshahr:base | JunSens/south-chalus:base | JunSens/south-chalus_alt:base | JunSens/south-kelardasht:base | JunSens/south-kelardasht_alt:base | JunSens/south-nowshahr:base | JunSens/south-nowshahr_alt:base | JunSens/south_10-chalus:base | JunSens/south_10-chalus_alt:base | JunSens/south_10-kelardasht:base | JunSens/south_10-kelardasht_alt:base | JunSens/south_10-nowshahr:base | JunSens/south_10-nowshahr_alt:base | JunSens/south_5-chalus:base | JunSens/south_5-chalus_alt:base | JunSens/south_5-kelardasht:base | JunSens/south_5-kelardasht_alt:base | JunSens/south_5-nowshahr:base | JunSens/south_5-nowshahr_alt:base,NO,Use 12-Jun version; no route/corridor effect,{},"{""hgv"":""no"",""highway"":""primary"",""lanes"":""2"",""maxspeed"":""60"",""motorcycle"":""no"",""name"":""جاده چالوس"",""name:en"":""Chalus Road"",""overtaking"":""no"",""ref"":""59"",""ref:fa"":""۵۹"",""surface"":""asphalt""}","[6221426593,2141921131,6221426590,6221426592,6221426589,6221426591,6609224727,6221426587,6609224725,6609224726,6578715534,6221426585,6609224724,6790784402,6609224723,2141921136,6609224722,2141921138,6221425183,6609224721,5092372700,2138576935,5092372702,5092372703,2141921140,6609224720,5092372704,6609224716,6221425182,5092372706,5092372707,2141921142,6609224719,6790784441,5092372708,5092372709,6221425181,6609224718,2141921145,6609234767,6609224717,6221425180,6609234768,2141921147,6221425179,5092372710,6221425178,2141921149,5092372712,5092372713]",,https://www.openstreetmap.org/way/664585316/history
way/664585317,11,2023-05-18 12:02:51+00:00,2024-04-06T08:35:36Z,12,2024-04-06T08:35:36Z,2024-08-31T09:50:40Z,B_ROUTING_ATTRIBUTE,Jan/south-chalus:base | Jan/south-chalus_alt:base | Jan/south-kelardasht:base | Jan/south-kelardasht_alt:base | Jan/south-nowshahr:base | Jan/south-nowshahr_alt:base | Jan/south_10-chalus:base | Jan/south_10-chalus_alt:base | Jan/south_10-kelardasht:base | Jan/south_10-kelardasht_alt:base | Jan/south_10-nowshahr:base | Jan/south_10-nowshahr_alt:base | Jan/south_5-chalus:base | Jan/south_5-chalus_alt:base | Jan/south_5-kelardasht:base | Jan/south_5-kelardasht_alt:base | Jan/south_5-nowshahr:base | Jan/south_5-nowshahr_alt:base,YES_REPRESENTATION_ONLY,Apply oneway=yes; route shifts to parallel carriageway; distance/corridor stable,"{""highway"":[""primary"",""trunk""],""oneway"":[null,""yes""]}","{""hgv"":""no"",""highway"":""trunk"",""lanes"":""2"",""maxspeed:backward"":""50"",""maxspeed:forward"":""60"",""motorcycle"":""no"",""name"":""جاده چالوس"",""name:en"":""Chalus Road"",""oneway"":""yes"",""overtaking"":""no"",""ref"":""59"",""ref:fa"":""۵۹"",""surface"":""asphalt""}","[5093179823,6609224703,10908157981,6609224702,2141921181,6609224704,6221425165,6221425167,6221425166,2141921179,6609224706,7325442029,6609224705,7325442027,6221425168,11795075668,2141921178,6220586122]",,https://www.openstreetmap.org/way/664585317/history
way/664585318,12,2023-05-18 12:02:51+00:00,2024-04-06T08:35:36Z,13,2024-04-06T08:35:36Z,2024-07-19T11:33:29Z,C_TOPOLOGY,Jan/south-chalus:base | Jan/south-chalus_alt:base | Jan/south-kelardasht:base | Jan/south-kelardasht_alt:base | Jan/south-nowshahr:base | Jan/south-nowshahr_alt:base | Jan/south_10-chalus:base | Jan/south_10-chalus_alt:base | Jan/south_10-kelardasht:base | Jan/south_10-kelardasht_alt:base | Jan/south_10-nowshahr:base | Jan/south_10-nowshahr_alt:base | Jan/south_5-chalus:base | Jan/south_5-chalus_alt:base | Jan/south_5-kelardasht:base | Jan/south_5-kelardasht_alt:base | Jan/south_5-nowshahr:base | Jan/south_5-nowshahr_alt:base | Jun/south-chalus:base | Jun/south-kelardasht:base | Jun/south-nowshahr:base | JunGate/south+0-chalus:base | JunGate/south+0-kelardasht:base | JunGate/south+0-nowshahr:base | JunGate/south+10-chalus:base | JunGate/south+10-kelardasht:base | JunGate/south+10-nowshahr:base | JunGate/south+5-chalus:base | JunGate/south+5-kelardasht:base | JunGate/south+5-nowshahr:base | JunSens/south-chalus:base | JunSens/south-chalus_alt:base | JunSens/south-kelardasht:base | JunSens/south-kelardasht_alt:base | JunSens/south-nowshahr:base | JunSens/south-nowshahr_alt:base | JunSens/south_10-chalus:base | JunSens/south_10-chalus_alt:base | JunSens/south_10-kelardasht:base | JunSens/south_10-kelardasht_alt:base | JunSens/south_10-nowshahr:base | JunSens/south_10-nowshahr_alt:base | JunSens/south_5-chalus:base | JunSens/south_5-chalus_alt:base | JunSens/south_5-kelardasht:base | JunSens/south_5-kelardasht_alt:base | JunSens/south_5-nowshahr:base | JunSens/south_5-nowshahr_alt:base,NO,Use 12-Jun version; no route/corridor effect,{},"{""hgv"":""no"",""highway"":""trunk"",""lanes"":""2"",""maxspeed"":""60"",""motorcycle"":""no"",""name"":""جاده چالوس"",""name:en"":""Chalus Road"",""oneway"":""yes"",""overtaking"":""no"",""ref"":""59"",""ref:fa"":""۵۹"",""surface"":""asphalt""}","[5092372713,11795075635,11795075636,11795075637,11795075638,11795075639,11795075640,11795075641,11795075642,11795075643,11795075644,11795075645,11795075646,11795075647,11795075648,11795075649,11795075650,11795075651,11795075652,11795075653,11795075654,11795075655,11795075656,11795075657,11795075658,11795075659,11795075660,11795075661,11795075662,11795075663,11795075664,11795075665,11795075666,11795075667,5093179824,2141921185,6609224701,5093179825,6609224700,6609224699,2141921187,6221425162,6609224698,5093179826,6221425161,6221425160,2141921189,5093179828,6609224697,5093179827,6609224696,6579848920,6221425159,6221425158,6609224695,6221425157,2141921191,6221425156,5579803587,6609224694,6221425155,2141921193,6609224693,6221425154,6221425153,2138576942,6609224692,6609224690,6609224691,5093179829]",,https://www.openstreetmap.org/way/664585318/history
way/666420438,9,2023-03-12 11:25:23+00:00,2024-04-20T04:38:40Z,10,2024-04-20T04:38:40Z,2025-11-18T14:00:53Z,A_NON_MATERIAL,Jan/south-nowshahr:base | Jan/south_10-nowshahr:base | Jan/south_5-nowshahr:base | Jan/west-nowshahr:base | Jan/west-nowshahr:closure | Jun/south-nowshahr:base | Jun/west-nowshahr:base | Jun/west-nowshahr:closure | JunGate/south+0-nowshahr:base | JunGate/south+10-nowshahr:base | JunGate/south+5-nowshahr:base | JunGate/west+0-nowshahr:base | JunGate/west+0-nowshahr:closure | JunGate/west+10-nowshahr:base | JunGate/west+10-nowshahr:closure | JunGate/west+5-nowshahr:base | JunGate/west+5-nowshahr:closure | JunSens/south-nowshahr:base | JunSens/south_10-nowshahr:base | JunSens/south_5-nowshahr:base | JunSens/west-nowshahr:base | JunSens/west-nowshahr:closure,NO,Use 12-Jun version; no route/corridor effect,{},"{""highway"":""primary"",""lanes"":""2"",""lit"":""yes"",""maxspeed"":""60"",""name"":""بلوار شهید کریمی"",""name:en"":""Shahid Karimi Boulevard"",""oneway"":""yes"",""surface"":""asphalt""}","[5107477062,1349763343,2395333962,1375231721,6239297121,1349763477,11832102535,3593742949,3593751756,1349763422,5605318319,10729664711,3593761593,11832102530,3593761676,3593761664,11832102514,3593761675,6772250514,9123444113,6239297122,1349763564]",,https://www.openstreetmap.org/way/666420438/history
way/668253162,4,2019-03-19 10:05:06+00:00,2024-01-25T08:28:11Z,5,2024-01-25T08:28:11Z,2026-02-18T21:38:09Z,A_NON_MATERIAL,Jan/south-chalus:closure | Jan/south-chalus_alt:closure | Jan/south-kelardasht:closure | Jan/south-kelardasht_alt:closure | Jan/south-nowshahr:closure | Jan/south-nowshahr_alt:closure | Jan/south_10-chalus:closure | Jan/south_10-chalus_alt:closure | Jan/south_10-kelardasht:closure | Jan/south_10-kelardasht_alt:closure | Jan/south_10-nowshahr:closure | Jan/south_10-nowshahr_alt:closure | Jan/south_5-chalus:closure | Jan/south_5-chalus_alt:closure | Jan/south_5-kelardasht:closure | Jan/south_5-kelardasht_alt:closure | Jan/south_5-nowshahr:closure | Jan/south_5-nowshahr_alt:closure | Jun/south-chalus:closure | Jun/south-kelardasht:closure | Jun/south-nowshahr:closure | JunGate/south+0-chalus:closure | JunGate/south+0-kelardasht:closure | JunGate/south+0-nowshahr:closure | JunGate/south+10-chalus:closure | JunGate/south+10-kelardasht:closure | JunGate/south+10-nowshahr:closure | JunGate/south+5-chalus:closure | JunGate/south+5-kelardasht:closure | JunGate/south+5-nowshahr:closure | JunSens/south-chalus:closure | JunSens/south-chalus_alt:closure | JunSens/south-kelardasht:closure | JunSens/south-kelardasht_alt:closure | JunSens/south-nowshahr:closure | JunSens/south-nowshahr_alt:closure | JunSens/south_10-chalus:closure | JunSens/south_10-chalus_alt:closure | JunSens/south_10-kelardasht:closure | JunSens/south_10-kelardasht_alt:closure | JunSens/south_10-nowshahr:closure | JunSens/south_10-nowshahr_alt:closure | JunSens/south_5-chalus:closure | JunSens/south_5-chalus_alt:closure | JunSens/south_5-kelardasht:closure | JunSens/south_5-kelardasht_alt:closure | JunSens/south_5-nowshahr:closure | JunSens/south_5-nowshahr_alt:closure,NO,Use 12-Jun version; no route/corridor effect,"{""name"":[null,""جاده تهران - هراز""]}","{""highway"":""trunk"",""maxspeed"":""80"",""name"":""جاده تهران - هراز"",""oneway"":""yes"",""ref"":""77""}","[6258002522,1884564829,1884564830,1884564831,1884564832,1884564833,1884564834,1884564835,1884564837,1884564838,1884564839,1884564840,1884564841,1884564842,1884564843,1884564844,1884564845,1884564846,1884564847]",,https://www.openstreetmap.org/way/668253162/history
way/668253163,4,2022-03-16 05:49:56+00:00,2024-01-25T08:28:11Z,5,2024-01-25T08:28:11Z,2026-02-18T21:38:09Z,A_NON_MATERIAL,Jan/south-chalus:closure | Jan/south-chalus_alt:closure | Jan/south-kelardasht:closure | Jan/south-kelardasht_alt:closure | Jan/south-nowshahr:closure | Jan/south-nowshahr_alt:closure | Jan/south_10-chalus:closure | Jan/south_10-chalus_alt:closure | Jan/south_10-kelardasht:closure | Jan/south_10-kelardasht_alt:closure | Jan/south_10-nowshahr:closure | Jan/south_10-nowshahr_alt:closure | Jan/south_5-chalus:closure | Jan/south_5-chalus_alt:closure | Jan/south_5-kelardasht:closure | Jan/south_5-kelardasht_alt:closure | Jan/south_5-nowshahr:closure | Jan/south_5-nowshahr_alt:closure | Jun/south-chalus:closure | Jun/south-kelardasht:closure | Jun/south-nowshahr:closure | JunGate/south+0-chalus:closure | JunGate/south+0-kelardasht:closure | JunGate/south+0-nowshahr:closure | JunGate/south+10-chalus:closure | JunGate/south+10-kelardasht:closure | JunGate/south+10-nowshahr:closure | JunGate/south+5-chalus:closure | JunGate/south+5-kelardasht:closure | JunGate/south+5-nowshahr:closure | JunSens/south-chalus:closure | JunSens/south-chalus_alt:closure | JunSens/south-kelardasht:closure | JunSens/south-kelardasht_alt:closure | JunSens/south-nowshahr:closure | JunSens/south-nowshahr_alt:closure | JunSens/south_10-chalus:closure | JunSens/south_10-chalus_alt:closure | JunSens/south_10-kelardasht:closure | JunSens/south_10-kelardasht_alt:closure | JunSens/south_10-nowshahr:closure | JunSens/south_10-nowshahr_alt:closure | JunSens/south_5-chalus:closure | JunSens/south_5-chalus_alt:closure | JunSens/south_5-kelardasht:closure | JunSens/south_5-kelardasht_alt:closure | JunSens/south_5-nowshahr:closure | JunSens/south_5-nowshahr_alt:closure,NO,Use 12-Jun version; no route/corridor effect,"{""name"":[""به طرف هراز"",""جاده تهران - هراز""]}","{""highway"":""trunk"",""lanes"":""2"",""maxspeed"":""80"",""name"":""جاده تهران - هراز"",""oneway"":""yes"",""ref"":""77""}","[6254219358,1884564958,5986197387,1884564959,1884564960,1884564962,1884564964,1884564965,1884564966,9582207665,3938015100]",,https://www.openstreetmap.org/way/668253163/history
way/683044100,12,2023-09-06 08:50:50+00:00,2024-01-30T07:15:54Z,13,2024-01-30T07:15:54Z,2024-07-06T16:29:16Z,B_ROUTING_ATTRIBUTE,Jan/south-chalus:closure | Jan/south-chalus_alt:closure | Jan/south-kelardasht:closure | Jan/south-kelardasht_alt:closure | Jan/south-nowshahr:closure | Jan/south-nowshahr_alt:closure | Jan/south_10-chalus:closure | Jan/south_10-chalus_alt:closure | Jan/south_10-kelardasht:closure | Jan/south_10-kelardasht_alt:closure | Jan/south_10-nowshahr:closure | Jan/south_10-nowshahr_alt:closure | Jan/south_5-chalus:closure | Jan/south_5-chalus_alt:closure | Jan/south_5-kelardasht:closure | Jan/south_5-kelardasht_alt:closure | Jan/south_5-nowshahr:closure | Jan/south_5-nowshahr_alt:closure | Jun/south-chalus:closure | Jun/south-kelardasht:closure | Jun/south-nowshahr:closure | JunGate/south+0-chalus:closure | JunGate/south+0-kelardasht:closure | JunGate/south+0-nowshahr:closure | JunGate/south+10-chalus:closure | JunGate/south+10-kelardasht:closure | JunGate/south+10-nowshahr:closure | JunGate/south+5-chalus:closure | JunGate/south+5-kelardasht:closure | JunGate/south+5-nowshahr:closure | JunSens/south-chalus:closure | JunSens/south-chalus_alt:closure | JunSens/south-kelardasht:closure | JunSens/south-kelardasht_alt:closure | JunSens/south-nowshahr:closure | JunSens/south-nowshahr_alt:closure | JunSens/south_10-chalus:closure | JunSens/south_10-chalus_alt:closure | JunSens/south_10-kelardasht:closure | JunSens/south_10-kelardasht_alt:closure | JunSens/south_10-nowshahr:closure | JunSens/south_10-nowshahr_alt:closure | JunSens/south_5-chalus:closure | JunSens/south_5-chalus_alt:closure | JunSens/south_5-kelardasht:closure | JunSens/south_5-kelardasht_alt:closure | JunSens/south_5-nowshahr:closure | JunSens/south_5-nowshahr_alt:closure,NO,Use 12-Jun version; no route/corridor effect,"{""highway"":[""trunk"",""primary""]}","{""highway"":""primary"",""maxspeed"":""80"",""name"":""امام خمینی"",""oneway"":""yes"",""ref"":""77""}","[4731204899,6765282363,1894525675,5268644665,1894525697,5268644628,5268644646,5268644641,4731205227,27215767,1925170150,11097115965,4897254913,2326816724,2326816722,7324407294,32034172,2326816710,4897254907,4258463813,8117804829,4258463803,11171343604,27215768,918588474,32034187,1870233869,11171395331,1870233872,2326816707,4897254903,6807138550,4258463830,1870233901,1925170122,1925170124,4258463838,1925170121,5538138482,4258463836,11568437442,4260023702,1870233989,1925170104,1925170087]",,https://www.openstreetmap.org/way/683044100/history
way/686403538,7,2023-12-17 14:01:09+00:00,2024-05-07T09:16:22Z,8,2024-05-07T09:16:22Z,2024-06-13T11:46:16Z,A_NON_MATERIAL,Jan/west-chalus:base | Jan/west-chalus:closure | Jan/west-chalus_alt:base | Jan/west-chalus_alt:closure | Jan/west-kelardasht:base | Jan/west-kelardasht:closure | Jan/west-kelardasht_alt:base | Jan/west-kelardasht_alt:closure | Jan/west-nowshahr:base | Jan/west-nowshahr:closure | Jan/west-nowshahr_alt:base | Jan/west-nowshahr_alt:closure | Jun/west-chalus:base | Jun/west-chalus:closure | Jun/west-kelardasht:base | Jun/west-kelardasht:closure | Jun/west-nowshahr:base | Jun/west-nowshahr:closure | JunGate/west+0-chalus:base | JunGate/west+0-chalus:closure | JunGate/west+0-kelardasht:base | JunGate/west+0-kelardasht:closure | JunGate/west+0-nowshahr:base | JunGate/west+0-nowshahr:closure | JunSens/west-chalus:base | JunSens/west-chalus:closure | JunSens/west-chalus_alt:base | JunSens/west-chalus_alt:closure | JunSens/west-kelardasht:base | JunSens/west-kelardasht:closure | JunSens/west-kelardasht_alt:base | JunSens/west-kelardasht_alt:closure | JunSens/west-nowshahr:base | JunSens/west-nowshahr:closure | JunSens/west-nowshahr_alt:base | JunSens/west-nowshahr_alt:closure,NO,Use 12-Jun version; no route/corridor effect,"{""name"":[""بلوار امام رضا"",""دانش آموزان نام آور""],""alt_name"":[""دانش آموزان نام آور"",""بلوار امام رضا""]}","{""alt_name"":""بلوار امام رضا"",""highway"":""trunk"",""lanes"":""2"",""lit"":""yes"",""maxspeed"":""50"",""name"":""دانش آموزان نام آور"",""oneway"":""yes"",""ref"":""22"",""sidewalk"":""yes"",""surface"":""asphalt""}","[2108867936,6404031328,11425648437,6403597762,3823218999]",,https://www.openstreetmap.org/way/686403538/history
way/686535553,5,2023-12-15 18:22:06+00:00,2024-02-26T09:53:36Z,6,2024-02-26T09:53:36Z,2025-05-12T09:24:06Z,C_TOPOLOGY,Jan/south-chalus:closure | Jan/south-chalus_alt:closure | Jan/south-kelardasht:closure | Jan/south-kelardasht_alt:closure | Jan/south-nowshahr:closure | Jan/south-nowshahr_alt:closure | Jan/south_10-chalus:closure | Jan/south_10-chalus_alt:closure | Jan/south_10-kelardasht:closure | Jan/south_10-kelardasht_alt:closure | Jan/south_10-nowshahr:closure | Jan/south_10-nowshahr_alt:closure | Jan/south_5-chalus:closure | Jan/south_5-chalus_alt:closure | Jan/south_5-kelardasht:closure | Jan/south_5-kelardasht_alt:closure | Jan/south_5-nowshahr:closure | Jan/south_5-nowshahr_alt:closure | Jun/south-chalus:closure | Jun/south-kelardasht:closure | Jun/south-nowshahr:closure | JunGate/south+0-chalus:closure | JunGate/south+0-kelardasht:closure | JunGate/south+0-nowshahr:closure | JunGate/south+10-chalus:closure | JunGate/south+10-kelardasht:closure | JunGate/south+10-nowshahr:closure | JunGate/south+5-chalus:closure | JunGate/south+5-kelardasht:closure | JunGate/south+5-nowshahr:closure | JunSens/south-chalus:closure | JunSens/south-chalus_alt:closure | JunSens/south-kelardasht:closure | JunSens/south-kelardasht_alt:closure | JunSens/south-nowshahr:closure | JunSens/south-nowshahr_alt:closure | JunSens/south_10-chalus:closure | JunSens/south_10-chalus_alt:closure | JunSens/south_10-kelardasht:closure | JunSens/south_10-kelardasht_alt:closure | JunSens/south_10-nowshahr:closure | JunSens/south_10-nowshahr_alt:closure | JunSens/south_5-chalus:closure | JunSens/south_5-chalus_alt:closure | JunSens/south_5-kelardasht:closure | JunSens/south_5-kelardasht_alt:closure | JunSens/south_5-nowshahr:closure | JunSens/south_5-nowshahr_alt:closure,NO,Use 12-Jun version; no route/corridor effect,"{""name"":[""بزرگراه شهید همت"",""پل سرلشکر خلبان شهید محمد حاجی""],""sorting_name"":[null,""شهید محمد حاجی""],""name:en"":[""Shahid Hemmat Expressway"",""Major General pilot Martyr Mohammad Haji Overpass""],""embankment"":[null,""yes""],""short_name"":[null,""پل شهید حاجی""]}","{""embankment"":""yes"",""full_name:fa"":""بزرگراه شهید محمدابراهیم همت"",""highway"":""trunk"",""lanes"":""4"",""maxspeed"":""90"",""name"":""پل سرلشکر خلبان شهید محمد حاجی"",""name:en"":""Major General pilot Martyr Mohammad Haji Overpass"",""oneway"":""yes"",""ref"":""14"",""short_name"":""پل شهید حاجی"",""sorting_name"":""شهید محمد حاجی"",""surface"":""asphalt""}","[11664859090,4429444667,34024778]",,https://www.openstreetmap.org/way/686535553/history
way/689001662,5,2020-11-02 01:39:55+00:00,2024-03-21T08:13:31Z,7,2024-03-21T08:13:31Z,2025-05-10T16:14:52Z,A_NON_MATERIAL,Jan/south-chalus:closure | Jan/south-chalus_alt:closure | Jan/south-kelardasht:closure | Jan/south-kelardasht_alt:closure | Jan/south-nowshahr:closure | Jan/south-nowshahr_alt:closure | Jan/south_10-chalus:closure | Jan/south_10-chalus_alt:closure | Jan/south_10-kelardasht:closure | Jan/south_10-kelardasht_alt:closure | Jan/south_10-nowshahr:closure | Jan/south_10-nowshahr_alt:closure | Jan/south_5-chalus:closure | Jan/south_5-chalus_alt:closure | Jan/south_5-kelardasht:closure | Jan/south_5-kelardasht_alt:closure | Jan/south_5-nowshahr:closure | Jan/south_5-nowshahr_alt:closure | Jun/south-chalus:closure | Jun/south-kelardasht:closure | Jun/south-nowshahr:closure | JunGate/south+0-chalus:closure | JunGate/south+0-kelardasht:closure | JunGate/south+0-nowshahr:closure | JunGate/south+10-chalus:closure | JunGate/south+10-kelardasht:closure | JunGate/south+10-nowshahr:closure | JunGate/south+5-chalus:closure | JunGate/south+5-kelardasht:closure | JunGate/south+5-nowshahr:closure | JunSens/south-chalus:closure | JunSens/south-chalus_alt:closure | JunSens/south-kelardasht:closure | JunSens/south-kelardasht_alt:closure | JunSens/south-nowshahr:closure | JunSens/south-nowshahr_alt:closure | JunSens/south_10-chalus:closure | JunSens/south_10-chalus_alt:closure | JunSens/south_10-kelardasht:closure | JunSens/south_10-kelardasht_alt:closure | JunSens/south_10-nowshahr:closure | JunSens/south_10-nowshahr_alt:closure | JunSens/south_5-chalus:closure | JunSens/south_5-chalus_alt:closure | JunSens/south_5-kelardasht:closure | JunSens/south_5-kelardasht_alt:closure | JunSens/south_5-nowshahr:closure | JunSens/south_5-nowshahr_alt:closure,NO,Use 12-Jun version; no route/corridor effect,"{""maxheight"":[null,""4.5""]}","{""full_name:fa"":""بزرگراه شهید محمدابراهیم همت"",""highway"":""trunk"",""maxheight"":""4.5"",""maxspeed"":""80"",""name"":""بزرگراه شهید همت"",""name:en"":""Shahid Hemmat Expressway"",""old_name"":""بزرگراه شمال عباس آباد"",""oneway"":""yes"",""ref"":""14"",""surface"":""asphalt""}","[310479752,11499647735,25988051,6417787075,6700746503,6417786913,6810645318,311045395]",,https://www.openstreetmap.org/way/689001662/history
way/689001686,7,2021-07-27 12:05:26+00:00,2024-01-08T10:12:46Z,8,2024-01-08T10:12:46Z,2025-05-10T16:14:52Z,A_NON_MATERIAL,Jan/south-chalus:closure | Jan/south-chalus_alt:closure | Jan/south-kelardasht:closure | Jan/south-kelardasht_alt:closure | Jan/south-nowshahr:closure | Jan/south-nowshahr_alt:closure | Jan/south_10-chalus:closure | Jan/south_10-chalus_alt:closure | Jan/south_10-kelardasht:closure | Jan/south_10-kelardasht_alt:closure | Jan/south_10-nowshahr:closure | Jan/south_10-nowshahr_alt:closure | Jan/south_5-chalus:closure | Jan/south_5-chalus_alt:closure | Jan/south_5-kelardasht:closure | Jan/south_5-kelardasht_alt:closure | Jan/south_5-nowshahr:closure | Jan/south_5-nowshahr_alt:closure | Jun/south-chalus:closure | Jun/south-kelardasht:closure | Jun/south-nowshahr:closure | JunGate/south+0-chalus:closure | JunGate/south+0-kelardasht:closure | JunGate/south+0-nowshahr:closure | JunGate/south+10-chalus:closure | JunGate/south+10-kelardasht:closure | JunGate/south+10-nowshahr:closure | JunGate/south+5-chalus:closure | JunGate/south+5-kelardasht:closure | JunGate/south+5-nowshahr:closure | JunSens/south-chalus:closure | JunSens/south-chalus_alt:closure | JunSens/south-kelardasht:closure | JunSens/south-kelardasht_alt:closure | JunSens/south-nowshahr:closure | JunSens/south-nowshahr_alt:closure | JunSens/south_10-chalus:closure | JunSens/south_10-chalus_alt:closure | JunSens/south_10-kelardasht:closure | JunSens/south_10-kelardasht_alt:closure | JunSens/south_10-nowshahr:closure | JunSens/south_10-nowshahr_alt:closure | JunSens/south_5-chalus:closure | JunSens/south_5-chalus_alt:closure | JunSens/south_5-kelardasht:closure | JunSens/south_5-kelardasht_alt:closure | JunSens/south_5-nowshahr:closure | JunSens/south_5-nowshahr_alt:closure,NO,Use 12-Jun version; no route/corridor effect,{},"{""full_name:fa"":""بزرگراه شهید محمدابراهیم همت"",""highway"":""trunk"",""lanes"":""4"",""maxheight"":""4.5"",""maxspeed"":""90"",""name"":""بزرگراه شهید همت"",""name:en"":""Shahid Hemmat Expressway"",""old_name"":""بزرگراه شمال عباس آباد"",""oneway"":""yes"",""ref"":""14"",""surface"":""asphalt""}","[26019376,6463035973,11499647743,311136712,1659642078,11499647744,25925751,11499647733,11499647732,11499647731,310479823,6463035962,11499647734,310479752]",,https://www.openstreetmap.org/way/689001686/history
way/689001696,7,2023-12-10 16:42:56+00:00,2024-01-08T10:12:46Z,8,2024-01-08T10:12:46Z,2025-05-10T16:14:52Z,A_NON_MATERIAL,Jan/south-chalus:closure | Jan/south-chalus_alt:closure | Jan/south-kelardasht:closure | Jan/south-kelardasht_alt:closure | Jan/south-nowshahr:closure | Jan/south-nowshahr_alt:closure | Jan/south_10-chalus:closure | Jan/south_10-chalus_alt:closure | Jan/south_10-kelardasht:closure | Jan/south_10-kelardasht_alt:closure | Jan/south_10-nowshahr:closure | Jan/south_10-nowshahr_alt:closure | Jan/south_5-chalus:closure | Jan/south_5-chalus_alt:closure | Jan/south_5-kelardasht:closure | Jan/south_5-kelardasht_alt:closure | Jan/south_5-nowshahr:closure | Jan/south_5-nowshahr_alt:closure | Jun/south-chalus:closure | Jun/south-kelardasht:closure | Jun/south-nowshahr:closure | JunGate/south+0-chalus:closure | JunGate/south+0-kelardasht:closure | JunGate/south+0-nowshahr:closure | JunGate/south+10-chalus:closure | JunGate/south+10-kelardasht:closure | JunGate/south+10-nowshahr:closure | JunGate/south+5-chalus:closure | JunGate/south+5-kelardasht:closure | JunGate/south+5-nowshahr:closure | JunSens/south-chalus:closure | JunSens/south-chalus_alt:closure | JunSens/south-kelardasht:closure | JunSens/south-kelardasht_alt:closure | JunSens/south-nowshahr:closure | JunSens/south-nowshahr_alt:closure | JunSens/south_10-chalus:closure | JunSens/south_10-chalus_alt:closure | JunSens/south_10-kelardasht:closure | JunSens/south_10-kelardasht_alt:closure | JunSens/south_10-nowshahr:closure | JunSens/south_10-nowshahr_alt:closure | JunSens/south_5-chalus:closure | JunSens/south_5-chalus_alt:closure | JunSens/south_5-kelardasht:closure | JunSens/south_5-kelardasht_alt:closure | JunSens/south_5-nowshahr:closure | JunSens/south_5-nowshahr_alt:closure,NO,Use 12-Jun version; no route/corridor effect,{},"{""full_name:fa"":""بزرگراه شهید محمدابراهیم همت"",""highway"":""trunk"",""lanes"":""4"",""maxheight"":""default"",""maxspeed"":""90"",""name"":""بزرگراه شهید همت"",""name:en"":""Shahid Hemmat Expressway"",""old_name"":""بزرگراه شمال عباس آباد"",""oneway"":""yes"",""ref"":""14"",""surface"":""asphalt""}","[27635012,2144992935,6463214958,1864237195,1864237210,11407709675,5585626024,11407709674,6463036431,6463036422,26019375]",,https://www.openstreetmap.org/way/689001696/history
way/689233072,9,2023-06-15 21:02:24+00:00,2024-05-06T13:34:03Z,10,2024-05-06T13:34:03Z,2024-12-21T03:31:03Z,C_TOPOLOGY,Jan/south-chalus:closure | Jan/south-chalus_alt:closure | Jan/south-kelardasht:closure | Jan/south-kelardasht_alt:closure | Jan/south-nowshahr:closure | Jan/south-nowshahr_alt:closure | Jan/south_10-chalus:closure | Jan/south_10-chalus_alt:closure | Jan/south_10-kelardasht:closure | Jan/south_10-kelardasht_alt:closure | Jan/south_10-nowshahr:closure | Jan/south_10-nowshahr_alt:closure | Jan/south_5-chalus:closure | Jan/south_5-chalus_alt:closure | Jan/south_5-kelardasht:closure | Jan/south_5-kelardasht_alt:closure | Jan/south_5-nowshahr:closure | Jan/south_5-nowshahr_alt:closure | Jun/south-chalus:closure | Jun/south-kelardasht:closure | Jun/south-nowshahr:closure | JunGate/south+0-chalus:closure | JunGate/south+0-kelardasht:closure | JunGate/south+0-nowshahr:closure | JunGate/south+10-chalus:closure | JunGate/south+10-kelardasht:closure | JunGate/south+10-nowshahr:closure | JunGate/south+5-chalus:closure | JunGate/south+5-kelardasht:closure | JunGate/south+5-nowshahr:closure | JunSens/south-chalus:closure | JunSens/south-chalus_alt:closure | JunSens/south-kelardasht:closure | JunSens/south-kelardasht_alt:closure | JunSens/south-nowshahr:closure | JunSens/south-nowshahr_alt:closure | JunSens/south_10-chalus:closure | JunSens/south_10-chalus_alt:closure | JunSens/south_10-kelardasht:closure | JunSens/south_10-kelardasht_alt:closure | JunSens/south_10-nowshahr:closure | JunSens/south_10-nowshahr_alt:closure | JunSens/south_5-chalus:closure | JunSens/south_5-chalus_alt:closure | JunSens/south_5-kelardasht:closure | JunSens/south_5-kelardasht_alt:closure | JunSens/south_5-nowshahr:closure | JunSens/south_5-nowshahr_alt:closure,NO,Use 12-Jun version; no route/corridor effect,{},"{""full_name:fa"":""بزرگراه شهید محمدابراهیم همت"",""highway"":""trunk"",""lanes"":""4"",""maxheight"":""default"",""maxspeed"":""90"",""name"":""بزرگراه شهید همت"",""name:en"":""Shahid Hemmat Expressway"",""oneway"":""yes"",""ref"":""14"",""surface"":""asphalt""}","[25925684,4297872628,423811144,28141627,4297872639,28141635,9725508237,31076429]",,https://www.openstreetmap.org/way/689233072/history
way/690984829,4,2023-03-04 16:28:21+00:00,2024-01-23T16:27:25Z,5,2024-01-23T16:27:25Z,2024-06-23T16:57:30Z,A_NON_MATERIAL,Jan/east-chalus:base | Jan/east-chalus:closure | Jan/east-chalus_alt:base | Jan/east-chalus_alt:closure | Jan/east-kelardasht:base | Jan/east-kelardasht:closure | Jan/east-kelardasht_alt:base | Jan/east-kelardasht_alt:closure | Jan/east-nowshahr:base | Jan/east-nowshahr:closure | Jan/east-nowshahr_alt:base | Jan/east-nowshahr_alt:closure | Jan/south-chalus:closure | Jan/south-chalus_alt:closure | Jan/south-kelardasht:closure | Jan/south-kelardasht_alt:closure | Jan/south-nowshahr:closure | Jan/south-nowshahr_alt:closure | Jan/south_10-chalus:closure | Jan/south_10-chalus_alt:closure | Jan/south_10-kelardasht:closure | Jan/south_10-kelardasht_alt:closure | Jan/south_10-nowshahr:closure | Jan/south_10-nowshahr_alt:closure | Jan/south_5-chalus:closure | Jan/south_5-chalus_alt:closure | Jan/south_5-kelardasht:closure | Jan/south_5-kelardasht_alt:closure | Jan/south_5-nowshahr:closure | Jan/south_5-nowshahr_alt:closure | Jun/east-chalus:base | Jun/east-chalus:closure | Jun/east-kelardasht:base | Jun/east-kelardasht:closure | Jun/east-nowshahr:base | Jun/east-nowshahr:closure | Jun/south-chalus:closure | Jun/south-kelardasht:closure | Jun/south-nowshahr:closure | JunGate/east+0-chalus:base | JunGate/east+0-chalus:closure | JunGate/east+0-kelardasht:base | JunGate/east+0-kelardasht:closure | JunGate/east+0-nowshahr:base | JunGate/east+0-nowshahr:closure | JunGate/east+10-chalus:base | JunGate/east+10-chalus:closure | JunGate/east+10-kelardasht:base | JunGate/east+10-kelardasht:closure | JunGate/east+10-nowshahr:base | JunGate/east+10-nowshahr:closure | JunGate/east+5-chalus:base | JunGate/east+5-chalus:closure | JunGate/east+5-kelardasht:base | JunGate/east+5-kelardasht:closure | JunGate/east+5-nowshahr:base | JunGate/east+5-nowshahr:closure | JunGate/south+0-chalus:closure | JunGate/south+0-kelardasht:closure | JunGate/south+0-nowshahr:closure | JunGate/south+10-chalus:closure | JunGate/south+10-kelardasht:closure | JunGate/south+10-nowshahr:closure | JunGate/south+5-chalus:closure | JunGate/south+5-kelardasht:closure | JunGate/south+5-nowshahr:closure | JunSens/east-chalus:base | JunSens/east-chalus:closure | JunSens/east-chalus_alt:base | JunSens/east-chalus_alt:closure | JunSens/east-kelardasht:base | JunSens/east-kelardasht:closure | JunSens/east-kelardasht_alt:base | JunSens/east-kelardasht_alt:closure | JunSens/east-nowshahr:base | JunSens/east-nowshahr:closure | JunSens/east-nowshahr_alt:base | JunSens/east-nowshahr_alt:closure | JunSens/south-chalus:closure | JunSens/south-chalus_alt:closure | JunSens/south-kelardasht:closure | JunSens/south-kelardasht_alt:closure | JunSens/south-nowshahr:closure | JunSens/south-nowshahr_alt:closure | JunSens/south_10-chalus:closure | JunSens/south_10-chalus_alt:closure | JunSens/south_10-kelardasht:closure | JunSens/south_10-kelardasht_alt:closure | JunSens/south_10-nowshahr:closure | JunSens/south_10-nowshahr_alt:closure | JunSens/south_5-chalus:closure | JunSens/south_5-chalus_alt:closure | JunSens/south_5-kelardasht:closure | JunSens/south_5-kelardasht_alt:closure | JunSens/south_5-nowshahr:closure | JunSens/south_5-nowshahr_alt:closure,NO,Use 12-Jun version; no route/corridor effect,{},"{""highway"":""trunk"",""lanes"":""2"",""maxspeed"":""80"",""name"":""جاده ساحلی"",""oneway"":""yes"",""ref"":""22"",""sidewalk"":""yes""}","[6451390894,6451390895,6482126763,201293004,10563119867,2387913047,5118283288,201293097,5118283281,7922897770,7602834897,7922897764,201293174,7922897762,7922897760,7922897757,201293210,7922897754,7922897787,7922897745,7922897749,7922897752,7922897743,7922897733,7922897736,201293298,10709869592,7922897730,7922897722,7922897725,7922897728,7922897716,201293348,7922897793,201293468,7922897713,7922897701,11543534251,11543534249,7922897698,2387913131,7922897690,11543534254,6331226992]",,https://www.openstreetmap.org/way/690984829/history
way/690984832,5,2023-07-18 06:43:00+00:00,2024-05-22T23:29:48Z,6,2024-05-22T23:29:48Z,2024-10-28T09:30:50Z,A_NON_MATERIAL,Jan/east-chalus:base | Jan/east-chalus:closure | Jan/east-chalus_alt:base | Jan/east-chalus_alt:closure | Jan/east-kelardasht:base | Jan/east-kelardasht:closure | Jan/east-kelardasht_alt:base | Jan/east-kelardasht_alt:closure | Jan/east-nowshahr:base | Jan/east-nowshahr:closure | Jan/east-nowshahr_alt:base | Jan/east-nowshahr_alt:closure | Jan/south-chalus:closure | Jan/south-chalus_alt:closure | Jan/south-kelardasht:closure | Jan/south-kelardasht_alt:closure | Jan/south-nowshahr:closure | Jan/south-nowshahr_alt:closure | Jan/south_10-chalus:closure | Jan/south_10-chalus_alt:closure | Jan/south_10-kelardasht:closure | Jan/south_10-kelardasht_alt:closure | Jan/south_10-nowshahr:closure | Jan/south_10-nowshahr_alt:closure | Jan/south_5-chalus:closure | Jan/south_5-chalus_alt:closure | Jan/south_5-kelardasht:closure | Jan/south_5-kelardasht_alt:closure | Jan/south_5-nowshahr:closure | Jan/south_5-nowshahr_alt:closure | Jun/east-chalus:base | Jun/east-chalus:closure | Jun/east-kelardasht:base | Jun/east-kelardasht:closure | Jun/east-nowshahr:base | Jun/east-nowshahr:closure | Jun/south-chalus:closure | Jun/south-kelardasht:closure | Jun/south-nowshahr:closure | JunGate/east+0-chalus:base | JunGate/east+0-chalus:closure | JunGate/east+0-kelardasht:base | JunGate/east+0-kelardasht:closure | JunGate/east+0-nowshahr:base | JunGate/east+0-nowshahr:closure | JunGate/east+10-chalus:base | JunGate/east+10-chalus:closure | JunGate/east+10-kelardasht:base | JunGate/east+10-kelardasht:closure | JunGate/east+10-nowshahr:base | JunGate/east+10-nowshahr:closure | JunGate/east+5-chalus:base | JunGate/east+5-chalus:closure | JunGate/east+5-kelardasht:base | JunGate/east+5-kelardasht:closure | JunGate/east+5-nowshahr:base | JunGate/east+5-nowshahr:closure | JunGate/south+0-chalus:closure | JunGate/south+0-kelardasht:closure | JunGate/south+0-nowshahr:closure | JunGate/south+10-chalus:closure | JunGate/south+10-kelardasht:closure | JunGate/south+10-nowshahr:closure | JunGate/south+5-chalus:closure | JunGate/south+5-kelardasht:closure | JunGate/south+5-nowshahr:closure | JunSens/east-chalus:base | JunSens/east-chalus:closure | JunSens/east-chalus_alt:base | JunSens/east-chalus_alt:closure | JunSens/east-kelardasht:base | JunSens/east-kelardasht:closure | JunSens/east-kelardasht_alt:base | JunSens/east-kelardasht_alt:closure | JunSens/east-nowshahr:base | JunSens/east-nowshahr:closure | JunSens/east-nowshahr_alt:base | JunSens/east-nowshahr_alt:closure | JunSens/south-chalus:closure | JunSens/south-chalus_alt:closure | JunSens/south-kelardasht:closure | JunSens/south-kelardasht_alt:closure | JunSens/south-nowshahr:closure | JunSens/south-nowshahr_alt:closure | JunSens/south_10-chalus:closure | JunSens/south_10-chalus_alt:closure | JunSens/south_10-kelardasht:closure | JunSens/south_10-kelardasht_alt:closure | JunSens/south_10-nowshahr:closure | JunSens/south_10-nowshahr_alt:closure | JunSens/south_5-chalus:closure | JunSens/south_5-chalus_alt:closure | JunSens/south_5-kelardasht:closure | JunSens/south_5-kelardasht_alt:closure | JunSens/south_5-nowshahr:closure | JunSens/south_5-nowshahr_alt:closure,NO,Use 12-Jun version; no route/corridor effect,{},"{""highway"":""trunk"",""lanes"":""2"",""maxspeed"":""60"",""name"":""بلوار امام رضا"",""oneway"":""yes"",""ref"":""22"",""sidewalk"":""yes""}","[2387913165,4580707794,4580707793,4580707792,6451390630,6451390644,9830533784,11927111802,11052176574,6481975953,6481975964,6481975969,6481975974,6326756969,6451390894]",,https://www.openstreetmap.org/way/690984832/history
way/692389666,8,2023-03-28 09:31:49+00:00,2024-01-27T00:08:30Z,9,2024-01-27T00:08:30Z,2024-06-14T22:36:55Z,A_NON_MATERIAL,Jan/east-chalus:base | Jan/east-chalus:closure | Jan/east-chalus_alt:base | Jan/east-chalus_alt:closure | Jan/east-kelardasht:base | Jan/east-kelardasht:closure | Jan/east-kelardasht_alt:base | Jan/east-kelardasht_alt:closure | Jan/east-nowshahr:base | Jan/east-nowshahr:closure | Jan/east-nowshahr_alt:base | Jan/east-nowshahr_alt:closure | Jun/east-chalus:base | Jun/east-chalus:closure | Jun/east-kelardasht:base | Jun/east-kelardasht:closure | Jun/east-nowshahr:base | Jun/east-nowshahr:closure | JunGate/east+0-chalus:base | JunGate/east+0-chalus:closure | JunGate/east+0-kelardasht:base | JunGate/east+0-kelardasht:closure | JunGate/east+0-nowshahr:base | JunGate/east+0-nowshahr:closure | JunGate/east+10-chalus:base | JunGate/east+10-chalus:closure | JunGate/east+10-kelardasht:base | JunGate/east+10-kelardasht:closure | JunGate/east+10-nowshahr:base | JunGate/east+10-nowshahr:closure | JunGate/east+5-chalus:base | JunGate/east+5-chalus:closure | JunGate/east+5-kelardasht:base | JunGate/east+5-kelardasht:closure | JunGate/east+5-nowshahr:base | JunGate/east+5-nowshahr:closure | JunSens/east-chalus:base | JunSens/east-chalus:closure | JunSens/east-chalus_alt:base | JunSens/east-chalus_alt:closure | JunSens/east-kelardasht:base | JunSens/east-kelardasht:closure | JunSens/east-kelardasht_alt:base | JunSens/east-kelardasht_alt:closure | JunSens/east-nowshahr:base | JunSens/east-nowshahr:closure | JunSens/east-nowshahr_alt:base | JunSens/east-nowshahr_alt:closure,NO,Use 12-Jun version; no route/corridor effect,{},"{""highway"":""trunk"",""maxspeed"":""60"",""name"":""بلوار امام رضا"",""oneway"":""yes"",""ref"":""22"",""sidewalk"":""yes""}","[2387914281,2387914290,6487439420,2387914291,6487439425,2387914293,6487439433,2387914292,6487439431,2387914289,6487439440,6487439451,6487439445,2387914271,6487439457,2387914266,6487439459,4113590945,2387914259,2387914256,6487439463,6440104935,6487439465,2387914250,6440104939,10701778309,6487439467,2387914245,6440104941,2387914242,6440104952,2387914236,6440104945,11555348081,6440104954,6440104956,6440104958,6440104937,6440104981,6440104979,6440104983,6440104932,4113599700,6440104929,4113599699,6440104925,6440104923,6440104927,6440104765,6440104891,2387914156,2387914154,2387914151,2387914144,2387914141,6487439469,3122985698,2387914121,2387914115,9246535725,2387914107,6320968127,3122985697,10701771387,4432217120,3122985694,3122985693,6440104757,6440104755,10701778307,6440104748,2387914044,10701778305,2387914033,2387914025,2387914020,9830530705,6440104717,2387914018,10768230260,4432217111,2387914007,4432217114,9830530706,2387914005,2387914003,4432217116,10701771385,4357339035,2387913990,4357339034,7581295472,2387913983,2387913982,4357339033,5885527428,2387913977]",,https://www.openstreetmap.org/way/692389666/history
way/692389669,7,2023-09-20 05:30:13+00:00,2024-03-29T14:54:48Z,9,2024-03-29T14:54:48Z,2024-11-05T04:50:17Z,A_NON_MATERIAL,Jan/east-chalus:base | Jan/east-chalus:closure | Jan/east-chalus_alt:base | Jan/east-chalus_alt:closure | Jan/east-kelardasht:base | Jan/east-kelardasht:closure | Jan/east-kelardasht_alt:base | Jan/east-kelardasht_alt:closure | Jan/east-nowshahr:base | Jan/east-nowshahr:closure | Jan/east-nowshahr_alt:base | Jan/east-nowshahr_alt:closure | Jun/east-chalus:base | Jun/east-chalus:closure | Jun/east-kelardasht:base | Jun/east-kelardasht:closure | Jun/east-nowshahr:base | Jun/east-nowshahr:closure | JunGate/east+0-chalus:base | JunGate/east+0-chalus:closure | JunGate/east+0-kelardasht:base | JunGate/east+0-kelardasht:closure | JunGate/east+0-nowshahr:base | JunGate/east+0-nowshahr:closure | JunGate/east+10-chalus:base | JunGate/east+10-chalus:closure | JunGate/east+10-kelardasht:base | JunGate/east+10-kelardasht:closure | JunGate/east+10-nowshahr:base | JunGate/east+10-nowshahr:closure | JunGate/east+5-chalus:base | JunGate/east+5-chalus:closure | JunGate/east+5-kelardasht:base | JunGate/east+5-kelardasht:closure | JunGate/east+5-nowshahr:base | JunGate/east+5-nowshahr:closure | JunSens/east-chalus:base | JunSens/east-chalus:closure | JunSens/east-chalus_alt:base | JunSens/east-chalus_alt:closure | JunSens/east-kelardasht:base | JunSens/east-kelardasht:closure | JunSens/east-kelardasht_alt:base | JunSens/east-kelardasht_alt:closure | JunSens/east-nowshahr:base | JunSens/east-nowshahr:closure | JunSens/east-nowshahr_alt:base | JunSens/east-nowshahr_alt:closure,NO,Use 12-Jun version; no route/corridor effect,"{""name"":[""جاده ساحلی"",""بلوار امام خمینی""]}","{""highway"":""trunk"",""lanes"":""2"",""maxspeed"":""60"",""name"":""بلوار امام خمینی"",""oneway"":""yes"",""ref"":""22"",""sidewalk"":""yes"",""surface"":""asphalt""}","[6499437826,11204134123,6484963341,2379122792,2379122786,2379122779,2379122775,6484963342,2379122762,6484963345,7614740872,2379122733,6484963360,4113568765,6484963358,6484963362,6484963364,6484963366,2379122719,2379122714,2379122710,2379122707,6484963416,6484963460,2379122686,10701708077,2379122682,2379122678,6484963627,6484963629,6484963666,6320968141,2379122662,6484963676,6320968130,6484963681,9663841796]",,https://www.openstreetmap.org/way/692389669/history
way/693584130,3,2023-03-12 16:47:51+00:00,2024-04-14T09:22:30Z,4,2024-04-14T09:22:30Z,,A_NON_MATERIAL,Jan/west-chalus:base | Jan/west-chalus:closure | Jan/west-chalus_alt:base | Jan/west-chalus_alt:closure | Jan/west-nowshahr:base | Jan/west-nowshahr:closure | Jan/west-nowshahr_alt:base | Jan/west-nowshahr_alt:closure | Jun/west-chalus:base | Jun/west-chalus:closure | Jun/west-nowshahr:base | Jun/west-nowshahr:closure | JunGate/west+0-chalus:base | JunGate/west+0-chalus:closure | JunGate/west+0-nowshahr:base | JunGate/west+0-nowshahr:closure | JunGate/west+10-chalus:base | JunGate/west+10-chalus:closure | JunGate/west+10-nowshahr:base | JunGate/west+10-nowshahr:closure | JunGate/west+5-chalus:base | JunGate/west+5-chalus:closure | JunGate/west+5-nowshahr:base | JunGate/west+5-nowshahr:closure | JunSens/west-chalus:base | JunSens/west-chalus:closure | JunSens/west-chalus_alt:base | JunSens/west-chalus_alt:closure | JunSens/west-nowshahr:base | JunSens/west-nowshahr:closure | JunSens/west-nowshahr_alt:base | JunSens/west-nowshahr_alt:closure,NO,Use 12-Jun version; no route/corridor effect,{},"{""highway"":""trunk"",""lanes"":""2"",""lit"":""yes"",""maxspeed"":""60"",""name"":""جاده ساحلی"",""oneway"":""yes"",""ref"":""22"",""sidewalk"":""yes"",""surface"":""asphalt""}","[5645448252,6239996515,11816254760,6007669366,5645773379,6007669360,5645773380,2396992154,4322963278,2396992150,2396992149,5705887214,4818576393,2396992147]",,https://www.openstreetmap.org/way/693584130/history
way/742144135,6,2023-10-17 03:32:12+00:00,2024-04-02T13:37:26Z,7,2024-04-02T13:37:26Z,2024-07-08T07:12:15Z,B_ROUTING_ATTRIBUTE,Jan/south-chalus:closure | Jan/south-chalus_alt:closure | Jan/south-kelardasht:closure | Jan/south-kelardasht_alt:closure | Jan/south-nowshahr:closure | Jan/south-nowshahr_alt:closure | Jan/south_10-chalus:closure | Jan/south_10-chalus_alt:closure | Jan/south_10-kelardasht:closure | Jan/south_10-kelardasht_alt:closure | Jan/south_10-nowshahr:closure | Jan/south_10-nowshahr_alt:closure | Jan/south_5-chalus:closure | Jan/south_5-chalus_alt:closure | Jan/south_5-kelardasht:closure | Jan/south_5-kelardasht_alt:closure | Jan/south_5-nowshahr:closure | Jan/south_5-nowshahr_alt:closure | Jun/south-chalus:closure | Jun/south-kelardasht:closure | Jun/south-nowshahr:closure | JunGate/south+0-chalus:closure | JunGate/south+0-kelardasht:closure | JunGate/south+0-nowshahr:closure | JunGate/south+10-chalus:closure | JunGate/south+10-kelardasht:closure | JunGate/south+10-nowshahr:closure | JunGate/south+5-chalus:closure | JunGate/south+5-kelardasht:closure | JunGate/south+5-nowshahr:closure | JunSens/south-chalus:closure | JunSens/south-chalus_alt:closure | JunSens/south-kelardasht:closure | JunSens/south-kelardasht_alt:closure | JunSens/south-nowshahr:closure | JunSens/south-nowshahr_alt:closure | JunSens/south_10-chalus:closure | JunSens/south_10-chalus_alt:closure | JunSens/south_10-kelardasht:closure | JunSens/south_10-kelardasht_alt:closure | JunSens/south_10-nowshahr:closure | JunSens/south_10-nowshahr_alt:closure | JunSens/south_5-chalus:closure | JunSens/south_5-chalus_alt:closure | JunSens/south_5-kelardasht:closure | JunSens/south_5-kelardasht_alt:closure | JunSens/south_5-nowshahr:closure | JunSens/south_5-nowshahr_alt:closure,NO,Use 12-Jun version; no route/corridor effect,"{""oneway"":[null,""yes""]}","{""alt_name"":""جاده چمستان"",""highway"":""primary"",""maxspeed"":""70"",""name"":""جاده آمل - چمستان"",""oneway"":""yes""}","[9490277923,6186749495,9490277924,6184537815]",,https://www.openstreetmap.org/way/742144135/history
way/773071396,7,2023-09-27 19:41:32+00:00,2024-04-01T18:46:28Z,8,2024-04-01T18:46:28Z,2026-04-30T16:55:59Z,C_TOPOLOGY,Jan/south-chalus:closure | Jan/south-chalus_alt:closure | Jan/south-kelardasht:closure | Jan/south-kelardasht_alt:closure | Jan/south-nowshahr:closure | Jan/south-nowshahr_alt:closure | Jan/south_10-chalus:closure | Jan/south_10-chalus_alt:closure | Jan/south_10-kelardasht:closure | Jan/south_10-kelardasht_alt:closure | Jan/south_10-nowshahr:closure | Jan/south_10-nowshahr_alt:closure | Jan/south_5-chalus:closure | Jan/south_5-chalus_alt:closure | Jan/south_5-kelardasht:closure | Jan/south_5-kelardasht_alt:closure | Jan/south_5-nowshahr:closure | Jan/south_5-nowshahr_alt:closure | Jun/south-chalus:closure | Jun/south-kelardasht:closure | Jun/south-nowshahr:closure | JunGate/south+0-chalus:closure | JunGate/south+0-kelardasht:closure | JunGate/south+0-nowshahr:closure | JunGate/south+10-chalus:closure | JunGate/south+10-kelardasht:closure | JunGate/south+10-nowshahr:closure | JunGate/south+5-chalus:closure | JunGate/south+5-kelardasht:closure | JunGate/south+5-nowshahr:closure | JunSens/south-chalus:closure | JunSens/south-chalus_alt:closure | JunSens/south-kelardasht:closure | JunSens/south-kelardasht_alt:closure | JunSens/south-nowshahr:closure | JunSens/south-nowshahr_alt:closure | JunSens/south_10-chalus:closure | JunSens/south_10-chalus_alt:closure | JunSens/south_10-kelardasht:closure | JunSens/south_10-kelardasht_alt:closure | JunSens/south_10-nowshahr:closure | JunSens/south_10-nowshahr_alt:closure | JunSens/south_5-chalus:closure | JunSens/south_5-chalus_alt:closure | JunSens/south_5-kelardasht:closure | JunSens/south_5-kelardasht_alt:closure | JunSens/south_5-nowshahr:closure | JunSens/south_5-nowshahr_alt:closure,NO,Use 12-Jun version; no route/corridor effect,{},"{""highway"":""motorway"",""lanes"":""3"",""maxspeed"":""120"",""name"":""آزادراه شهدای البرز"",""name:en"":""Shohadaye Alborz Freeway"",""oneway"":""yes""}","[1891230812,10648260223,10648260222,10648260221,10648260220,10648260219,10648260218,10648260217,10648260216,10648260215,10648260214,10648313138,10648260213,10648313137,10648260212,10648260211,11778739124,10648260210,10648260209,10648260208,10648260207,10648260206,10648260205,10648252204,10648252203,11223263010,10648252202,10648252201,11223263012,10648252200,10648252199,10648252198,10648252197,11223263013,10648252196,10648225563,10648225562,10648225561,10648225560,10648225559,10648225549]",,https://www.openstreetmap.org/way/773071396/history
way/773105027,2,2021-04-01 09:18:34+00:00,2024-04-05T16:31:31Z,3,2024-04-05T16:31:31Z,,C_TOPOLOGY,Jan/south-chalus:closure | Jan/south-chalus_alt:closure | Jan/south-kelardasht:closure | Jan/south-kelardasht_alt:closure | Jan/south-nowshahr:closure | Jan/south-nowshahr_alt:closure | Jan/south_10-chalus:closure | Jan/south_10-chalus_alt:closure | Jan/south_10-kelardasht:closure | Jan/south_10-kelardasht_alt:closure | Jan/south_10-nowshahr:closure | Jan/south_10-nowshahr_alt:closure | Jan/south_5-chalus:closure | Jan/south_5-chalus_alt:closure | Jan/south_5-kelardasht:closure | Jan/south_5-kelardasht_alt:closure | Jan/south_5-nowshahr:closure | Jan/south_5-nowshahr_alt:closure | Jun/south-chalus:closure | Jun/south-kelardasht:closure | Jun/south-nowshahr:closure | JunGate/south+0-chalus:closure | JunGate/south+0-kelardasht:closure | JunGate/south+0-nowshahr:closure | JunGate/south+10-chalus:closure | JunGate/south+10-kelardasht:closure | JunGate/south+10-nowshahr:closure | JunGate/south+5-chalus:closure | JunGate/south+5-kelardasht:closure | JunGate/south+5-nowshahr:closure | JunSens/south-chalus:closure | JunSens/south-chalus_alt:closure | JunSens/south-kelardasht:closure | JunSens/south-kelardasht_alt:closure | JunSens/south-nowshahr:closure | JunSens/south-nowshahr_alt:closure | JunSens/south_10-chalus:closure | JunSens/south_10-chalus_alt:closure | JunSens/south_10-kelardasht:closure | JunSens/south_10-kelardasht_alt:closure | JunSens/south_10-nowshahr:closure | JunSens/south_10-nowshahr_alt:closure | JunSens/south_5-chalus:closure | JunSens/south_5-chalus_alt:closure | JunSens/south_5-kelardasht:closure | JunSens/south_5-kelardasht_alt:closure | JunSens/south_5-nowshahr:closure | JunSens/south_5-nowshahr_alt:closure,NO,Use 12-Jun version; no route/corridor effect,{},"{""highway"":""trunk"",""maxspeed"":""80"",""name"":""جاده هراز"",""name:en"":""Haraz Road"",""oneway"":""yes"",""ref"":""77""}","[27216690,2132044107,27216691,4379133789,2132044105,2132044095,11793713035,11793713034]",,https://www.openstreetmap.org/way/773105027/history
way/773713153,8,2023-10-19 18:45:49+00:00,2024-04-23T07:14:18Z,11,2024-04-23T07:14:18Z,2024-08-11T09:14:21Z,C_TOPOLOGY,Jan/south-chalus:closure | Jan/south-chalus_alt:closure | Jan/south-kelardasht:closure | Jan/south-kelardasht_alt:closure | Jan/south-nowshahr:closure | Jan/south-nowshahr_alt:closure | Jan/south_10-chalus:closure | Jan/south_10-chalus_alt:closure | Jan/south_10-kelardasht:closure | Jan/south_10-kelardasht_alt:closure | Jan/south_10-nowshahr:closure | Jan/south_10-nowshahr_alt:closure | Jan/south_5-chalus:closure | Jan/south_5-chalus_alt:closure | Jan/south_5-kelardasht:closure | Jan/south_5-kelardasht_alt:closure | Jan/south_5-nowshahr:closure | Jan/south_5-nowshahr_alt:closure | Jun/south-chalus:closure | Jun/south-kelardasht:closure | Jun/south-nowshahr:closure | JunGate/south+0-chalus:closure | JunGate/south+0-kelardasht:closure | JunGate/south+0-nowshahr:closure | JunGate/south+10-chalus:closure | JunGate/south+10-kelardasht:closure | JunGate/south+10-nowshahr:closure | JunGate/south+5-chalus:closure | JunGate/south+5-kelardasht:closure | JunGate/south+5-nowshahr:closure | JunSens/south-chalus:closure | JunSens/south-chalus_alt:closure | JunSens/south-kelardasht:closure | JunSens/south-kelardasht_alt:closure | JunSens/south-nowshahr:closure | JunSens/south-nowshahr_alt:closure | JunSens/south_10-chalus:closure | JunSens/south_10-chalus_alt:closure | JunSens/south_10-kelardasht:closure | JunSens/south_10-kelardasht_alt:closure | JunSens/south_10-nowshahr:closure | JunSens/south_10-nowshahr_alt:closure | JunSens/south_5-chalus:closure | JunSens/south_5-chalus_alt:closure | JunSens/south_5-kelardasht:closure | JunSens/south_5-kelardasht_alt:closure | JunSens/south_5-nowshahr:closure | JunSens/south_5-nowshahr_alt:closure,NO,Use 12-Jun version; no route/corridor effect,{},"{""alt_name"":""جاده چمستان"",""highway"":""primary"",""maxspeed"":""70"",""name"":""جاده آمل - چمستان"",""oneway"":""yes""}","[11633857593,7221946292,7221946293,7221946294,7221946295,7248939587,11840596560,7248939585,7248939586,3491167103,6948002289,6948002290,6948002291,6948002292,6948002293,6948002286,6948002294,6948002295,6948002296,6948002297,6948002298,6947988142,6948002299,6948002300,6948002301,6948002302,6948002303,6948022528,6948002304,6948022543,6948002305,6948002306,6948002307,6948002308,6947996474,6948002309,10673926864,6948002310,6947996484,6948002311,6948002312,6947996483,6948002313,6948002314,6947996481,2387911895]",,https://www.openstreetmap.org/way/773713153/history
way/883964308,1,2020-12-11 22:26:05+00:00,2024-03-21T08:13:32Z,2,2024-03-21T08:13:32Z,2025-05-10T16:14:52Z,A_NON_MATERIAL,Jan/south-chalus:closure | Jan/south-chalus_alt:closure | Jan/south-kelardasht:closure | Jan/south-kelardasht_alt:closure | Jan/south-nowshahr:closure | Jan/south-nowshahr_alt:closure | Jan/south_10-chalus:closure | Jan/south_10-chalus_alt:closure | Jan/south_10-kelardasht:closure | Jan/south_10-kelardasht_alt:closure | Jan/south_10-nowshahr:closure | Jan/south_10-nowshahr_alt:closure | Jan/south_5-chalus:closure | Jan/south_5-chalus_alt:closure | Jan/south_5-kelardasht:closure | Jan/south_5-kelardasht_alt:closure | Jan/south_5-nowshahr:closure | Jan/south_5-nowshahr_alt:closure | Jun/south-chalus:closure | Jun/south-kelardasht:closure | Jun/south-nowshahr:closure | JunGate/south+0-chalus:closure | JunGate/south+0-kelardasht:closure | JunGate/south+0-nowshahr:closure | JunGate/south+10-chalus:closure | JunGate/south+10-kelardasht:closure | JunGate/south+10-nowshahr:closure | JunGate/south+5-chalus:closure | JunGate/south+5-kelardasht:closure | JunGate/south+5-nowshahr:closure | JunSens/south-chalus:closure | JunSens/south-chalus_alt:closure | JunSens/south-kelardasht:closure | JunSens/south-kelardasht_alt:closure | JunSens/south-nowshahr:closure | JunSens/south-nowshahr_alt:closure | JunSens/south_10-chalus:closure | JunSens/south_10-chalus_alt:closure | JunSens/south_10-kelardasht:closure | JunSens/south_10-kelardasht_alt:closure | JunSens/south_10-nowshahr:closure | JunSens/south_10-nowshahr_alt:closure | JunSens/south_5-chalus:closure | JunSens/south_5-chalus_alt:closure | JunSens/south_5-kelardasht:closure | JunSens/south_5-kelardasht_alt:closure | JunSens/south_5-nowshahr:closure | JunSens/south_5-nowshahr_alt:closure,NO,Use 12-Jun version; no route/corridor effect,"{""lanes"":[null,""5""]}","{""full_name:fa"":""بزرگراه شهید محمدابراهیم همت"",""highway"":""trunk"",""lanes"":""5"",""maxheight"":""4.5"",""maxspeed"":""90"",""name"":""بزرگراه شهید همت"",""name:en"":""Shahid Hemmat Expressway"",""old_name"":""بزرگراه شمال عباس آباد"",""oneway"":""yes"",""ref"":""14"",""surface"":""asphalt""}","[7850071582,310480450]",,https://www.openstreetmap.org/way/883964308/history
way/883964312,1,2020-12-11 22:26:05+00:00,2024-03-21T08:13:32Z,2,2024-03-21T08:13:32Z,2025-05-10T16:14:52Z,A_NON_MATERIAL,Jan/south-chalus:closure | Jan/south-chalus_alt:closure | Jan/south-kelardasht:closure | Jan/south-kelardasht_alt:closure | Jan/south-nowshahr:closure | Jan/south-nowshahr_alt:closure | Jan/south_10-chalus:closure | Jan/south_10-chalus_alt:closure | Jan/south_10-kelardasht:closure | Jan/south_10-kelardasht_alt:closure | Jan/south_10-nowshahr:closure | Jan/south_10-nowshahr_alt:closure | Jan/south_5-chalus:closure | Jan/south_5-chalus_alt:closure | Jan/south_5-kelardasht:closure | Jan/south_5-kelardasht_alt:closure | Jan/south_5-nowshahr:closure | Jan/south_5-nowshahr_alt:closure | Jun/south-chalus:closure | Jun/south-kelardasht:closure | Jun/south-nowshahr:closure | JunGate/south+0-chalus:closure | JunGate/south+0-kelardasht:closure | JunGate/south+0-nowshahr:closure | JunGate/south+10-chalus:closure | JunGate/south+10-kelardasht:closure | JunGate/south+10-nowshahr:closure | JunGate/south+5-chalus:closure | JunGate/south+5-kelardasht:closure | JunGate/south+5-nowshahr:closure | JunSens/south-chalus:closure | JunSens/south-chalus_alt:closure | JunSens/south-kelardasht:closure | JunSens/south-kelardasht_alt:closure | JunSens/south-nowshahr:closure | JunSens/south-nowshahr_alt:closure | JunSens/south_10-chalus:closure | JunSens/south_10-chalus_alt:closure | JunSens/south_10-kelardasht:closure | JunSens/south_10-kelardasht_alt:closure | JunSens/south_10-nowshahr:closure | JunSens/south_10-nowshahr_alt:closure | JunSens/south_5-chalus:closure | JunSens/south_5-chalus_alt:closure | JunSens/south_5-kelardasht:closure | JunSens/south_5-kelardasht_alt:closure | JunSens/south_5-nowshahr:closure | JunSens/south_5-nowshahr_alt:closure,NO,Use 12-Jun version; no route/corridor effect,"{""lanes"":[null,""5""]}","{""full_name:fa"":""بزرگراه شهید محمدابراهیم همت"",""highway"":""trunk"",""lanes"":""5"",""maxheight"":""4.5"",""maxspeed"":""90"",""name"":""بزرگراه شهید همت"",""name:en"":""Shahid Hemmat Expressway"",""old_name"":""بزرگراه شمال عباس آباد"",""oneway"":""yes"",""ref"":""14"",""surface"":""asphalt""}","[310480415,8221005626]",,https://www.openstreetmap.org/way/883964312/history
way/904394150,1,2021-02-06 10:45:57+00:00,2024-04-09T06:43:09Z,2,2024-04-09T06:43:09Z,2025-05-10T16:14:52Z,A_NON_MATERIAL,Jan/south-chalus:closure | Jan/south-chalus_alt:closure | Jan/south-kelardasht:closure | Jan/south-kelardasht_alt:closure | Jan/south-nowshahr:closure | Jan/south-nowshahr_alt:closure | Jan/south_10-chalus:closure | Jan/south_10-chalus_alt:closure | Jan/south_10-kelardasht:closure | Jan/south_10-kelardasht_alt:closure | Jan/south_10-nowshahr:closure | Jan/south_10-nowshahr_alt:closure | Jan/south_5-chalus:closure | Jan/south_5-chalus_alt:closure | Jan/south_5-kelardasht:closure | Jan/south_5-kelardasht_alt:closure | Jan/south_5-nowshahr:closure | Jan/south_5-nowshahr_alt:closure | Jun/south-chalus:closure | Jun/south-kelardasht:closure | Jun/south-nowshahr:closure | JunGate/south+0-chalus:closure | JunGate/south+0-kelardasht:closure | JunGate/south+0-nowshahr:closure | JunGate/south+10-chalus:closure | JunGate/south+10-kelardasht:closure | JunGate/south+10-nowshahr:closure | JunGate/south+5-chalus:closure | JunGate/south+5-kelardasht:closure | JunGate/south+5-nowshahr:closure | JunSens/south-chalus:closure | JunSens/south-chalus_alt:closure | JunSens/south-kelardasht:closure | JunSens/south-kelardasht_alt:closure | JunSens/south-nowshahr:closure | JunSens/south-nowshahr_alt:closure | JunSens/south_10-chalus:closure | JunSens/south_10-chalus_alt:closure | JunSens/south_10-kelardasht:closure | JunSens/south_10-kelardasht_alt:closure | JunSens/south_10-nowshahr:closure | JunSens/south_10-nowshahr_alt:closure | JunSens/south_5-chalus:closure | JunSens/south_5-chalus_alt:closure | JunSens/south_5-kelardasht:closure | JunSens/south_5-kelardasht_alt:closure | JunSens/south_5-nowshahr:closure | JunSens/south_5-nowshahr_alt:closure,NO,Use 12-Jun version; no route/corridor effect,"{""lanes"":[null,""3""]}","{""full_name:fa"":""بزرگراه شهید محمدابراهیم همت"",""highway"":""trunk"",""lanes"":""3"",""maxspeed"":""90"",""name"":""بزرگراه شهید همت"",""name:en"":""Shahid Hemmat Expressway"",""old_name"":""بزرگراه شمال عباس آباد"",""oneway"":""yes"",""ref"":""14"",""surface"":""asphalt""}","[3430499674,1652910334,1652910335]",,https://www.openstreetmap.org/way/904394150/history
way/924025918,4,2022-08-03 06:17:30+00:00,2024-04-05T16:40:35Z,deleted v5,2024-04-05T16:40:35Z,,D_HISTORICAL_STATUS,Jan/south-chalus:closure | Jan/south-chalus_alt:closure | Jan/south-kelardasht:closure | Jan/south-kelardasht_alt:closure | Jan/south-nowshahr:closure | Jan/south-nowshahr_alt:closure | Jan/south_10-chalus:closure | Jan/south_10-chalus_alt:closure | Jan/south_10-kelardasht:closure | Jan/south_10-kelardasht_alt:closure | Jan/south_10-nowshahr:closure | Jan/south_10-nowshahr_alt:closure | Jan/south_5-chalus:closure | Jan/south_5-chalus_alt:closure | Jan/south_5-kelardasht:closure | Jan/south_5-kelardasht_alt:closure | Jan/south_5-nowshahr:closure | Jan/south_5-nowshahr_alt:closure,YES_TOPOLOGY_RECONCILIATION,Remove obsolete ID; insert historically valid descendants,"{""visible"":[true,false]}",{},[],"replaced by 1270179067,1287287400,1287287401",https://www.openstreetmap.org/way/924025918/history
way/924025920,5,2022-04-08 21:27:53+00:00,2024-05-31T08:17:41Z,10,2024-05-31T08:17:41Z,2024-07-22T11:27:33Z,C_TOPOLOGY,Jan/south-chalus:closure | Jan/south-chalus_alt:closure | Jan/south-kelardasht:closure | Jan/south-kelardasht_alt:closure | Jan/south-nowshahr:closure | Jan/south-nowshahr_alt:closure | Jan/south_10-chalus:closure | Jan/south_10-chalus_alt:closure | Jan/south_10-kelardasht:closure | Jan/south_10-kelardasht_alt:closure | Jan/south_10-nowshahr:closure | Jan/south_10-nowshahr_alt:closure | Jan/south_5-chalus:closure | Jan/south_5-chalus_alt:closure | Jan/south_5-kelardasht:closure | Jan/south_5-kelardasht_alt:closure | Jan/south_5-nowshahr:closure | Jan/south_5-nowshahr_alt:closure | Jun/south-chalus:closure | Jun/south-kelardasht:closure | Jun/south-nowshahr:closure | JunGate/south+0-chalus:closure | JunGate/south+0-kelardasht:closure | JunGate/south+0-nowshahr:closure | JunGate/south+10-chalus:closure | JunGate/south+10-kelardasht:closure | JunGate/south+10-nowshahr:closure | JunGate/south+5-chalus:closure | JunGate/south+5-kelardasht:closure | JunGate/south+5-nowshahr:closure | JunSens/south-chalus:closure | JunSens/south-chalus_alt:closure | JunSens/south-kelardasht:closure | JunSens/south-kelardasht_alt:closure | JunSens/south-nowshahr:closure | JunSens/south-nowshahr_alt:closure | JunSens/south_10-chalus:closure | JunSens/south_10-chalus_alt:closure | JunSens/south_10-kelardasht:closure | JunSens/south_10-kelardasht_alt:closure | JunSens/south_10-nowshahr:closure | JunSens/south_10-nowshahr_alt:closure | JunSens/south_5-chalus:closure | JunSens/south_5-chalus_alt:closure | JunSens/south_5-kelardasht:closure | JunSens/south_5-kelardasht_alt:closure | JunSens/south_5-nowshahr:closure | JunSens/south_5-nowshahr_alt:closure,NO,Use 12-Jun version; no route/corridor effect,"{""hgv"":[null,""no""]}","{""hgv"":""no"",""highway"":""trunk"",""name"":""جاده هراز"",""oneway"":""yes"",""ref"":""77""}","[8577451368,8577451371,11793744036,11938849728,11940225478,11940225479,8577451372,8577451375,8582349137,8582349138,11940225482,8582349139,8582349140,8582349141,8984975024,8582349142,8984975021,8984975025,2279621016]",,https://www.openstreetmap.org/way/924025920/history
way/924025921,5,2022-08-03 06:17:30+00:00,2024-04-05T16:40:35Z,deleted v6,2024-04-05T16:40:35Z,,D_HISTORICAL_STATUS,Jan/south-chalus:closure | Jan/south-chalus_alt:closure | Jan/south-kelardasht:closure | Jan/south-kelardasht_alt:closure | Jan/south-nowshahr:closure | Jan/south-nowshahr_alt:closure | Jan/south_10-chalus:closure | Jan/south_10-chalus_alt:closure | Jan/south_10-kelardasht:closure | Jan/south_10-kelardasht_alt:closure | Jan/south_10-nowshahr:closure | Jan/south_10-nowshahr_alt:closure | Jan/south_5-chalus:closure | Jan/south_5-chalus_alt:closure | Jan/south_5-kelardasht:closure | Jan/south_5-kelardasht_alt:closure | Jan/south_5-nowshahr:closure | Jan/south_5-nowshahr_alt:closure,YES_TOPOLOGY_RECONCILIATION,Remove obsolete ID; insert historically valid descendants,"{""visible"":[true,false]}",{},[],"replaced by 1270179067,1287287400,1287287401",https://www.openstreetmap.org/way/924025921/history
way/924025923,4,2022-08-03 06:17:30+00:00,2024-05-28T17:39:20Z,6,2024-05-28T17:39:20Z,,C_TOPOLOGY,Jan/south-chalus:closure | Jan/south-chalus_alt:closure | Jan/south-kelardasht:closure | Jan/south-kelardasht_alt:closure | Jan/south-nowshahr:closure | Jan/south-nowshahr_alt:closure | Jan/south_10-chalus:closure | Jan/south_10-chalus_alt:closure | Jan/south_10-kelardasht:closure | Jan/south_10-kelardasht_alt:closure | Jan/south_10-nowshahr:closure | Jan/south_10-nowshahr_alt:closure | Jan/south_5-chalus:closure | Jan/south_5-chalus_alt:closure | Jan/south_5-kelardasht:closure | Jan/south_5-kelardasht_alt:closure | Jan/south_5-nowshahr:closure | Jan/south_5-nowshahr_alt:closure | Jun/south-chalus:closure | Jun/south-kelardasht:closure | Jun/south-nowshahr:closure | JunGate/south+0-chalus:closure | JunGate/south+0-kelardasht:closure | JunGate/south+0-nowshahr:closure | JunGate/south+10-chalus:closure | JunGate/south+10-kelardasht:closure | JunGate/south+10-nowshahr:closure | JunGate/south+5-chalus:closure | JunGate/south+5-kelardasht:closure | JunGate/south+5-nowshahr:closure | JunSens/south-chalus:closure | JunSens/south-chalus_alt:closure | JunSens/south-kelardasht:closure | JunSens/south-kelardasht_alt:closure | JunSens/south-nowshahr:closure | JunSens/south-nowshahr_alt:closure | JunSens/south_10-chalus:closure | JunSens/south_10-chalus_alt:closure | JunSens/south_10-kelardasht:closure | JunSens/south_10-kelardasht_alt:closure | JunSens/south_10-nowshahr:closure | JunSens/south_10-nowshahr_alt:closure | JunSens/south_5-chalus:closure | JunSens/south_5-chalus_alt:closure | JunSens/south_5-kelardasht:closure | JunSens/south_5-kelardasht_alt:closure | JunSens/south_5-nowshahr:closure | JunSens/south_5-nowshahr_alt:closure,NO,Use 12-Jun version; no route/corridor effect,{},"{""highway"":""trunk"",""name"":""جاده هراز"",""oneway"":""yes"",""ref"":""77""}","[8577451361,11793733892,8577451364,11793733891,11940225472,11793733890,11940225473,8577451365,8577451366,11940225476,11940225477,8577451367]",,https://www.openstreetmap.org/way/924025923/history
way/954500256,5,2023-04-26 12:20:39+00:00,2024-05-28T17:46:20Z,6,2024-05-28T17:46:20Z,2024-06-14T10:41:16Z,A_NON_MATERIAL,Jan/south-chalus:closure | Jan/south-chalus_alt:closure | Jan/south-kelardasht:closure | Jan/south-kelardasht_alt:closure | Jan/south-nowshahr:closure | Jan/south-nowshahr_alt:closure | Jan/south_10-chalus:closure | Jan/south_10-chalus_alt:closure | Jan/south_10-kelardasht:closure | Jan/south_10-kelardasht_alt:closure | Jan/south_10-nowshahr:closure | Jan/south_10-nowshahr_alt:closure | Jan/south_5-chalus:closure | Jan/south_5-chalus_alt:closure | Jan/south_5-kelardasht:closure | Jan/south_5-kelardasht_alt:closure | Jan/south_5-nowshahr:closure | Jan/south_5-nowshahr_alt:closure | Jun/south-chalus:closure | Jun/south-kelardasht:closure | Jun/south-nowshahr:closure | JunGate/south+0-chalus:closure | JunGate/south+0-kelardasht:closure | JunGate/south+0-nowshahr:closure | JunGate/south+10-chalus:closure | JunGate/south+10-kelardasht:closure | JunGate/south+10-nowshahr:closure | JunGate/south+5-chalus:closure | JunGate/south+5-kelardasht:closure | JunGate/south+5-nowshahr:closure | JunSens/south-chalus:closure | JunSens/south-chalus_alt:closure | JunSens/south-kelardasht:closure | JunSens/south-kelardasht_alt:closure | JunSens/south-nowshahr:closure | JunSens/south-nowshahr_alt:closure | JunSens/south_10-chalus:closure | JunSens/south_10-chalus_alt:closure | JunSens/south_10-kelardasht:closure | JunSens/south_10-kelardasht_alt:closure | JunSens/south_10-nowshahr:closure | JunSens/south_10-nowshahr_alt:closure | JunSens/south_5-chalus:closure | JunSens/south_5-chalus_alt:closure | JunSens/south_5-kelardasht:closure | JunSens/south_5-kelardasht_alt:closure | JunSens/south_5-nowshahr:closure | JunSens/south_5-nowshahr_alt:closure,NO,Use 12-Jun version; no route/corridor effect,{},"{""highway"":""trunk"",""maxspeed"":""80"",""name"":""جاده هراز"",""oneway"":""yes"",""ref"":""77""}","[8834310045,8984975031,8984975030,8984975033,11940197846,2279621058]",,https://www.openstreetmap.org/way/954500256/history
way/971609680,3,2023-03-01 12:03:14+00:00,2024-03-29T14:54:48Z,5,2024-03-29T14:54:48Z,,A_NON_MATERIAL,Jan/east-chalus:base | Jan/east-chalus:closure | Jan/east-chalus_alt:base | Jan/east-chalus_alt:closure | Jan/east-kelardasht:base | Jan/east-kelardasht:closure | Jan/east-kelardasht_alt:base | Jan/east-kelardasht_alt:closure | Jan/east-nowshahr:base | Jan/east-nowshahr:closure | Jan/east-nowshahr_alt:base | Jan/east-nowshahr_alt:closure | Jun/east-chalus:base | Jun/east-chalus:closure | Jun/east-kelardasht:base | Jun/east-kelardasht:closure | Jun/east-nowshahr:base | Jun/east-nowshahr:closure | JunGate/east+0-chalus:base | JunGate/east+0-chalus:closure | JunGate/east+0-kelardasht:base | JunGate/east+0-kelardasht:closure | JunGate/east+0-nowshahr:base | JunGate/east+0-nowshahr:closure | JunGate/east+10-chalus:base | JunGate/east+10-chalus:closure | JunGate/east+10-kelardasht:base | JunGate/east+10-kelardasht:closure | JunGate/east+10-nowshahr:base | JunGate/east+10-nowshahr:closure | JunGate/east+5-chalus:base | JunGate/east+5-chalus:closure | JunGate/east+5-kelardasht:base | JunGate/east+5-kelardasht:closure | JunGate/east+5-nowshahr:base | JunGate/east+5-nowshahr:closure | JunSens/east-chalus:base | JunSens/east-chalus:closure | JunSens/east-chalus_alt:base | JunSens/east-chalus_alt:closure | JunSens/east-kelardasht:base | JunSens/east-kelardasht:closure | JunSens/east-kelardasht_alt:base | JunSens/east-kelardasht_alt:closure | JunSens/east-nowshahr:base | JunSens/east-nowshahr:closure | JunSens/east-nowshahr_alt:base | JunSens/east-nowshahr_alt:closure,NO,Use 12-Jun version; no route/corridor effect,"{""name"":[""جاده ساحلی"",""بلوار امام خمینی""]}","{""highway"":""trunk"",""maxspeed"":""60"",""name"":""بلوار امام خمینی"",""oneway"":""yes"",""ref"":""22"",""sidewalk"":""yes""}","[6499437823,4357364773,4113586826,2387914363,6487285354,6487285349,6487285358,2387914352,4113595612,6487285360,6487285363,6487285365,6487285367,6487285369,6487285372,6487285374,2387914312,2387914307,4113586809,2387914303,2387914299,6487285791,2387914296,6487285794,6487285799,6487285860,6487285913,2387914279,6487285915,2387914275,2387914274,2387914273,2387914276,2387914281]",,https://www.openstreetmap.org/way/971609680/history
way/1007839062,3,2023-06-13 20:36:24+00:00,2024-04-05T16:31:31Z,4,2024-04-05T16:31:31Z,2025-10-18T12:23:37Z,A_NON_MATERIAL,Jan/south-chalus:closure | Jan/south-chalus_alt:closure | Jan/south-kelardasht:closure | Jan/south-kelardasht_alt:closure | Jan/south-nowshahr:closure | Jan/south-nowshahr_alt:closure | Jan/south_10-chalus:closure | Jan/south_10-chalus_alt:closure | Jan/south_10-kelardasht:closure | Jan/south_10-kelardasht_alt:closure | Jan/south_10-nowshahr:closure | Jan/south_10-nowshahr_alt:closure | Jan/south_5-chalus:closure | Jan/south_5-chalus_alt:closure | Jan/south_5-kelardasht:closure | Jan/south_5-kelardasht_alt:closure | Jan/south_5-nowshahr:closure | Jan/south_5-nowshahr_alt:closure | Jun/south-chalus:closure | Jun/south-kelardasht:closure | Jun/south-nowshahr:closure | JunGate/south+0-chalus:closure | JunGate/south+0-kelardasht:closure | JunGate/south+0-nowshahr:closure | JunGate/south+10-chalus:closure | JunGate/south+10-kelardasht:closure | JunGate/south+10-nowshahr:closure | JunGate/south+5-chalus:closure | JunGate/south+5-kelardasht:closure | JunGate/south+5-nowshahr:closure | JunSens/south-chalus:closure | JunSens/south-chalus_alt:closure | JunSens/south-kelardasht:closure | JunSens/south-kelardasht_alt:closure | JunSens/south-nowshahr:closure | JunSens/south-nowshahr_alt:closure | JunSens/south_10-chalus:closure | JunSens/south_10-chalus_alt:closure | JunSens/south_10-kelardasht:closure | JunSens/south_10-kelardasht_alt:closure | JunSens/south_10-nowshahr:closure | JunSens/south_10-nowshahr_alt:closure | JunSens/south_5-chalus:closure | JunSens/south_5-chalus_alt:closure | JunSens/south_5-kelardasht:closure | JunSens/south_5-kelardasht_alt:closure | JunSens/south_5-nowshahr:closure | JunSens/south_5-nowshahr_alt:closure,NO,Use 12-Jun version; no route/corridor effect,{},"{""highway"":""trunk"",""maxspeed"":""80"",""name"":""جاده هراز"",""oneway"":""yes"",""ref"":""77""}","[27216669,4379105364,2221251640,10975138246,2221251644,10975138247,10975138248,2221251647,10975138252,2221251648,10975138253,27216671,2221251652,10975138268,10975138269,27216672,2221251660,4379105363,2221251662,11793713027,4379105362,10975138270,27216674,10975138272,10975138274,2221251664,11793713029,2221251665,10975138285,10975138286,27216675,10975138294,10975138295,2221251669,10975138296,10975138297,10975138298,2221251671,10975138303,2221251672,10975138305,27216676,10975138306,10975138307,10975138308,10975138309,4379125056,2221251674,10975138313,10975138314,10975138315,2221251676,10975138316,27216677,10975138317,2221251678,2221251680,10975138318,10975138334,10975138336,2221251681,10975138337,5041772201,2221251683,10975138340,10975138341,2221251690,10975138344,27216678,10975138345,10975138346,2221251692,10975138349,10975138350,8735664683,27216679,10975138351,4379125057,10975138352,10975138354,10975138353,2221251694,10975128825,2221251696,27216680]",,https://www.openstreetmap.org/way/1007839062/history
way/1029362565,5,2023-10-17 03:46:13+00:00,2024-04-02T13:37:26Z,6,2024-04-02T13:37:26Z,2025-02-07T00:09:44Z,B_ROUTING_ATTRIBUTE,Jan/south-chalus:closure | Jan/south-chalus_alt:closure | Jan/south-kelardasht:closure | Jan/south-kelardasht_alt:closure | Jan/south-nowshahr:closure | Jan/south-nowshahr_alt:closure | Jan/south_10-chalus:closure | Jan/south_10-chalus_alt:closure | Jan/south_10-kelardasht:closure | Jan/south_10-kelardasht_alt:closure | Jan/south_10-nowshahr:closure | Jan/south_10-nowshahr_alt:closure | Jan/south_5-chalus:closure | Jan/south_5-chalus_alt:closure | Jan/south_5-kelardasht:closure | Jan/south_5-kelardasht_alt:closure | Jan/south_5-nowshahr:closure | Jan/south_5-nowshahr_alt:closure | Jun/south-chalus:closure | Jun/south-kelardasht:closure | Jun/south-nowshahr:closure | JunGate/south+0-chalus:closure | JunGate/south+0-kelardasht:closure | JunGate/south+0-nowshahr:closure | JunGate/south+10-chalus:closure | JunGate/south+10-kelardasht:closure | JunGate/south+10-nowshahr:closure | JunGate/south+5-chalus:closure | JunGate/south+5-kelardasht:closure | JunGate/south+5-nowshahr:closure | JunSens/south-chalus:closure | JunSens/south-chalus_alt:closure | JunSens/south-kelardasht:closure | JunSens/south-kelardasht_alt:closure | JunSens/south-nowshahr:closure | JunSens/south-nowshahr_alt:closure | JunSens/south_10-chalus:closure | JunSens/south_10-chalus_alt:closure | JunSens/south_10-kelardasht:closure | JunSens/south_10-kelardasht_alt:closure | JunSens/south_10-nowshahr:closure | JunSens/south_10-nowshahr_alt:closure | JunSens/south_5-chalus:closure | JunSens/south_5-chalus_alt:closure | JunSens/south_5-kelardasht:closure | JunSens/south_5-kelardasht_alt:closure | JunSens/south_5-nowshahr:closure | JunSens/south_5-nowshahr_alt:closure,NO,Use 12-Jun version; no route/corridor effect,"{""oneway"":[null,""yes""]}","{""alt_name"":""جاده چمستان"",""highway"":""primary"",""maxspeed"":""70"",""name"":""جاده آمل - چمستان"",""oneway"":""yes""}","[2387911895,10673926862,10673926860,9490277922]",,https://www.openstreetmap.org/way/1029362565/history
way/1029362566,4,2023-10-17 03:46:13+00:00,2024-04-02T13:37:26Z,5,2024-04-02T13:37:26Z,2025-02-07T00:09:44Z,B_ROUTING_ATTRIBUTE,Jan/south-chalus:closure | Jan/south-chalus_alt:closure | Jan/south-kelardasht:closure | Jan/south-kelardasht_alt:closure | Jan/south-nowshahr:closure | Jan/south-nowshahr_alt:closure | Jan/south_10-chalus:closure | Jan/south_10-chalus_alt:closure | Jan/south_10-kelardasht:closure | Jan/south_10-kelardasht_alt:closure | Jan/south_10-nowshahr:closure | Jan/south_10-nowshahr_alt:closure | Jan/south_5-chalus:closure | Jan/south_5-chalus_alt:closure | Jan/south_5-kelardasht:closure | Jan/south_5-kelardasht_alt:closure | Jan/south_5-nowshahr:closure | Jan/south_5-nowshahr_alt:closure | Jun/south-chalus:closure | Jun/south-kelardasht:closure | Jun/south-nowshahr:closure | JunGate/south+0-chalus:closure | JunGate/south+0-kelardasht:closure | JunGate/south+0-nowshahr:closure | JunGate/south+10-chalus:closure | JunGate/south+10-kelardasht:closure | JunGate/south+10-nowshahr:closure | JunGate/south+5-chalus:closure | JunGate/south+5-kelardasht:closure | JunGate/south+5-nowshahr:closure | JunSens/south-chalus:closure | JunSens/south-chalus_alt:closure | JunSens/south-kelardasht:closure | JunSens/south-kelardasht_alt:closure | JunSens/south-nowshahr:closure | JunSens/south-nowshahr_alt:closure | JunSens/south_10-chalus:closure | JunSens/south_10-chalus_alt:closure | JunSens/south_10-kelardasht:closure | JunSens/south_10-kelardasht_alt:closure | JunSens/south_10-nowshahr:closure | JunSens/south_10-nowshahr_alt:closure | JunSens/south_5-chalus:closure | JunSens/south_5-chalus_alt:closure | JunSens/south_5-kelardasht:closure | JunSens/south_5-kelardasht_alt:closure | JunSens/south_5-nowshahr:closure | JunSens/south_5-nowshahr_alt:closure,NO,Use 12-Jun version; no route/corridor effect,"{""oneway"":[null,""yes""]}","{""alt_name"":""جاده چمستان"",""bridge"":""yes"",""highway"":""primary"",""layer"":""1"",""maxspeed"":""70"",""name"":""جاده آمل - چمستان"",""oneway"":""yes""}","[9490277922,9490277923]",,https://www.openstreetmap.org/way/1029362566/history
way/1051596694,3,2023-03-01 11:40:11+00:00,2024-03-29T14:54:48Z,5,2024-03-29T14:54:48Z,2024-12-19T05:14:41Z,A_NON_MATERIAL,Jan/east-chalus:base | Jan/east-chalus:closure | Jan/east-chalus_alt:base | Jan/east-chalus_alt:closure | Jan/east-kelardasht:base | Jan/east-kelardasht:closure | Jan/east-kelardasht_alt:base | Jan/east-kelardasht_alt:closure | Jan/east-nowshahr:base | Jan/east-nowshahr:closure | Jan/east-nowshahr_alt:base | Jan/east-nowshahr_alt:closure | Jun/east-chalus:base | Jun/east-chalus:closure | Jun/east-kelardasht:base | Jun/east-kelardasht:closure | Jun/east-nowshahr:base | Jun/east-nowshahr:closure | JunGate/east+0-chalus:base | JunGate/east+0-chalus:closure | JunGate/east+0-kelardasht:base | JunGate/east+0-kelardasht:closure | JunGate/east+0-nowshahr:base | JunGate/east+0-nowshahr:closure | JunGate/east+10-chalus:base | JunGate/east+10-chalus:closure | JunGate/east+10-kelardasht:base | JunGate/east+10-kelardasht:closure | JunGate/east+10-nowshahr:base | JunGate/east+10-nowshahr:closure | JunGate/east+5-chalus:base | JunGate/east+5-chalus:closure | JunGate/east+5-kelardasht:base | JunGate/east+5-kelardasht:closure | JunGate/east+5-nowshahr:base | JunGate/east+5-nowshahr:closure | JunSens/east-chalus:base | JunSens/east-chalus:closure | JunSens/east-chalus_alt:base | JunSens/east-chalus_alt:closure | JunSens/east-kelardasht:base | JunSens/east-kelardasht:closure | JunSens/east-kelardasht_alt:base | JunSens/east-kelardasht_alt:closure | JunSens/east-nowshahr:base | JunSens/east-nowshahr:closure | JunSens/east-nowshahr_alt:base | JunSens/east-nowshahr_alt:closure,NO,Use 12-Jun version; no route/corridor effect,"{""name"":[""جاده ساحلی"",""بلوار امام خمینی""]}","{""highway"":""trunk"",""lanes"":""2"",""maxspeed"":""60"",""name"":""بلوار امام خمینی"",""oneway"":""yes"",""ref"":""22"",""sidewalk"":""yes"",""surface"":""asphalt""}","[9663841795,2379122650,2379122648,6484963822,2379122642,6484963824,6484963683,2379122639,2379122636,6484963816,2379122633,2379122630,5753387151,2379122627,2379122624,9384955316,5753387149,2379122620,5753387147,6484964014,6484964010,6484964008,2379122609,5753387137,2379122608,6484964244,2379122606,6484964240,2379122604,6484964267,6484964277,6484964256,2379122603,6484964260,3718381639,2379122600]",,https://www.openstreetmap.org/way/1051596694/history
way/1082487418,3,2023-10-17 03:32:12+00:00,2024-04-02T13:37:26Z,4,2024-04-02T13:37:26Z,2025-02-07T00:09:44Z,A_NON_MATERIAL,Jan/south-chalus:closure | Jan/south-chalus_alt:closure | Jan/south-kelardasht:closure | Jan/south-kelardasht_alt:closure | Jan/south-nowshahr:closure | Jan/south-nowshahr_alt:closure | Jan/south_10-chalus:closure | Jan/south_10-chalus_alt:closure | Jan/south_10-kelardasht:closure | Jan/south_10-kelardasht_alt:closure | Jan/south_10-nowshahr:closure | Jan/south_10-nowshahr_alt:closure | Jan/south_5-chalus:closure | Jan/south_5-chalus_alt:closure | Jan/south_5-kelardasht:closure | Jan/south_5-kelardasht_alt:closure | Jan/south_5-nowshahr:closure | Jan/south_5-nowshahr_alt:closure | Jun/south-chalus:closure | Jun/south-kelardasht:closure | Jun/south-nowshahr:closure | JunGate/south+0-chalus:closure | JunGate/south+0-kelardasht:closure | JunGate/south+0-nowshahr:closure | JunGate/south+10-chalus:closure | JunGate/south+10-kelardasht:closure | JunGate/south+10-nowshahr:closure | JunGate/south+5-chalus:closure | JunGate/south+5-kelardasht:closure | JunGate/south+5-nowshahr:closure | JunSens/south-chalus:closure | JunSens/south-chalus_alt:closure | JunSens/south-kelardasht:closure | JunSens/south-kelardasht_alt:closure | JunSens/south-nowshahr:closure | JunSens/south-nowshahr_alt:closure | JunSens/south_10-chalus:closure | JunSens/south_10-chalus_alt:closure | JunSens/south_10-kelardasht:closure | JunSens/south_10-kelardasht_alt:closure | JunSens/south_10-nowshahr:closure | JunSens/south_10-nowshahr_alt:closure | JunSens/south_5-chalus:closure | JunSens/south_5-chalus_alt:closure | JunSens/south_5-kelardasht:closure | JunSens/south_5-kelardasht_alt:closure | JunSens/south_5-nowshahr:closure | JunSens/south_5-nowshahr_alt:closure,NO,Use 12-Jun version; no route/corridor effect,{},"{""highway"":""primary"",""junction"":""roundabout"",""oneway"":""yes""}","[9920689424,9920689423,9920689422,9920689421,9920689420,9920689419,9920689418,9920689417,9920666216,9920666215,9920666214,11780483459,9920666213,6184537815,9920666211,9920666210,9920666209,9920689425,9920666208,9920666207,9920666206,9920666205,9920666204,9920666203,9920689424]",,https://www.openstreetmap.org/way/1082487418/history
way/1106503266,1,2022-10-24 05:53:16+00:00,2024-04-06T08:35:36Z,2,2024-04-06T08:35:36Z,,B_ROUTING_ATTRIBUTE,Jan/south-chalus:base | Jan/south-chalus_alt:base | Jan/south-kelardasht:base | Jan/south-kelardasht_alt:base | Jan/south-nowshahr:base | Jan/south-nowshahr_alt:base | Jan/south_10-chalus:base | Jan/south_10-chalus_alt:base | Jan/south_10-kelardasht:base | Jan/south_10-kelardasht_alt:base | Jan/south_10-nowshahr:base | Jan/south_10-nowshahr_alt:base | Jan/south_5-chalus:base | Jan/south_5-chalus_alt:base | Jan/south_5-kelardasht:base | Jan/south_5-kelardasht_alt:base | Jan/south_5-nowshahr:base | Jan/south_5-nowshahr_alt:base,YES_REPRESENTATION_ONLY,Apply oneway=yes; route shifts to parallel carriageway; distance/corridor stable,"{""highway"":[""primary"",""trunk""],""oneway"":[null,""yes""]}","{""hgv"":""no"",""highway"":""trunk"",""lanes"":""2"",""maxspeed:backward"":""40"",""maxspeed:forward"":""60"",""motorcycle"":""no"",""name"":""جاده چالوس"",""name:en"":""Chalus Road"",""oneway"":""yes"",""overtaking"":""no"",""ref"":""59"",""ref:fa"":""۵۹"",""surface"":""asphalt""}","[11795085370,2141921183,6221425163,6221425164,5093179823]",,https://www.openstreetmap.org/way/1106503266/history
way/1133520397,3,2023-03-01 12:49:52+00:00,2024-02-10T15:52:46Z,4,2024-02-10T15:52:46Z,,C_TOPOLOGY,Jan/east-chalus:base | Jan/east-chalus:closure | Jan/east-chalus_alt:base | Jan/east-chalus_alt:closure | Jan/east-kelardasht:base | Jan/east-kelardasht:closure | Jan/east-kelardasht_alt:base | Jan/east-kelardasht_alt:closure | Jan/east-nowshahr:base | Jan/east-nowshahr:closure | Jan/east-nowshahr_alt:base | Jan/east-nowshahr_alt:closure | Jan/south-chalus:closure | Jan/south-chalus_alt:closure | Jan/south-kelardasht:closure | Jan/south-kelardasht_alt:closure | Jan/south-nowshahr:closure | Jan/south-nowshahr_alt:closure | Jan/south_10-chalus:closure | Jan/south_10-chalus_alt:closure | Jan/south_10-kelardasht:closure | Jan/south_10-kelardasht_alt:closure | Jan/south_10-nowshahr:closure | Jan/south_10-nowshahr_alt:closure | Jan/south_5-chalus:closure | Jan/south_5-chalus_alt:closure | Jan/south_5-kelardasht:closure | Jan/south_5-kelardasht_alt:closure | Jan/south_5-nowshahr:closure | Jan/south_5-nowshahr_alt:closure | Jun/east-chalus:base | Jun/east-chalus:closure | Jun/east-kelardasht:base | Jun/east-kelardasht:closure | Jun/east-nowshahr:base | Jun/east-nowshahr:closure | Jun/south-chalus:closure | Jun/south-kelardasht:closure | Jun/south-nowshahr:closure | JunGate/east+0-chalus:base | JunGate/east+0-chalus:closure | JunGate/east+0-kelardasht:base | JunGate/east+0-kelardasht:closure | JunGate/east+0-nowshahr:base | JunGate/east+0-nowshahr:closure | JunGate/east+10-chalus:base | JunGate/east+10-chalus:closure | JunGate/east+10-kelardasht:base | JunGate/east+10-kelardasht:closure | JunGate/east+10-nowshahr:base | JunGate/east+10-nowshahr:closure | JunGate/east+5-chalus:base | JunGate/east+5-chalus:closure | JunGate/east+5-kelardasht:base | JunGate/east+5-kelardasht:closure | JunGate/east+5-nowshahr:base | JunGate/east+5-nowshahr:closure | JunGate/south+0-chalus:closure | JunGate/south+0-kelardasht:closure | JunGate/south+0-nowshahr:closure | JunGate/south+10-chalus:closure | JunGate/south+10-kelardasht:closure | JunGate/south+10-nowshahr:closure | JunGate/south+5-chalus:closure | JunGate/south+5-kelardasht:closure | JunGate/south+5-nowshahr:closure | JunSens/east-chalus:base | JunSens/east-chalus:closure | JunSens/east-chalus_alt:base | JunSens/east-chalus_alt:closure | JunSens/east-kelardasht:base | JunSens/east-kelardasht:closure | JunSens/east-kelardasht_alt:base | JunSens/east-kelardasht_alt:closure | JunSens/east-nowshahr:base | JunSens/east-nowshahr:closure | JunSens/east-nowshahr_alt:base | JunSens/east-nowshahr_alt:closure | JunSens/south-chalus:closure | JunSens/south-chalus_alt:closure | JunSens/south-kelardasht:closure | JunSens/south-kelardasht_alt:closure | JunSens/south-nowshahr:closure | JunSens/south-nowshahr_alt:closure | JunSens/south_10-chalus:closure | JunSens/south_10-chalus_alt:closure | JunSens/south_10-kelardasht:closure | JunSens/south_10-kelardasht_alt:closure | JunSens/south_10-nowshahr:closure | JunSens/south_10-nowshahr_alt:closure | JunSens/south_5-chalus:closure | JunSens/south_5-chalus_alt:closure | JunSens/south_5-kelardasht:closure | JunSens/south_5-kelardasht_alt:closure | JunSens/south_5-nowshahr:closure | JunSens/south_5-nowshahr_alt:closure,NO,Use 12-Jun version; no route/corridor effect,"{""sidewalk"":[""yes"",""right""]}","{""highway"":""trunk"",""junction"":""roundabout"",""name"":""میدان الغدیر"",""sidewalk"":""right""}","[10568262763,10576200631,10568262725,11608058205,10568262747,10568262759,10568262727,11608058206,10568262723,10568262745,11608058207,10568262752,2387913465,11608058208,10568262724,10568262741,10568262733,10568262749,11608058209,11608058210,10568262754,11608058211,10568262746,10568262763]",,https://www.openstreetmap.org/way/1133520397/history
way/1133520400,3,2023-03-04 16:28:21+00:00,2024-02-10T15:52:46Z,4,2024-02-10T15:52:46Z,2024-08-14T01:49:04Z,C_TOPOLOGY,Jan/east-chalus:base | Jan/east-chalus:closure | Jan/east-chalus_alt:base | Jan/east-chalus_alt:closure | Jan/east-kelardasht:base | Jan/east-kelardasht:closure | Jan/east-kelardasht_alt:base | Jan/east-kelardasht_alt:closure | Jan/east-nowshahr:base | Jan/east-nowshahr:closure | Jan/east-nowshahr_alt:base | Jan/east-nowshahr_alt:closure | Jan/south-chalus:closure | Jan/south-chalus_alt:closure | Jan/south-kelardasht:closure | Jan/south-kelardasht_alt:closure | Jan/south-nowshahr:closure | Jan/south-nowshahr_alt:closure | Jan/south_10-chalus:closure | Jan/south_10-chalus_alt:closure | Jan/south_10-kelardasht:closure | Jan/south_10-kelardasht_alt:closure | Jan/south_10-nowshahr:closure | Jan/south_10-nowshahr_alt:closure | Jan/south_5-chalus:closure | Jan/south_5-chalus_alt:closure | Jan/south_5-kelardasht:closure | Jan/south_5-kelardasht_alt:closure | Jan/south_5-nowshahr:closure | Jan/south_5-nowshahr_alt:closure | Jun/east-chalus:base | Jun/east-chalus:closure | Jun/east-kelardasht:base | Jun/east-kelardasht:closure | Jun/east-nowshahr:base | Jun/east-nowshahr:closure | Jun/south-chalus:closure | Jun/south-kelardasht:closure | Jun/south-nowshahr:closure | JunGate/east+0-chalus:base | JunGate/east+0-chalus:closure | JunGate/east+0-kelardasht:base | JunGate/east+0-kelardasht:closure | JunGate/east+0-nowshahr:base | JunGate/east+0-nowshahr:closure | JunGate/east+10-chalus:base | JunGate/east+10-chalus:closure | JunGate/east+10-kelardasht:base | JunGate/east+10-kelardasht:closure | JunGate/east+10-nowshahr:base | JunGate/east+10-nowshahr:closure | JunGate/east+5-chalus:base | JunGate/east+5-chalus:closure | JunGate/east+5-kelardasht:base | JunGate/east+5-kelardasht:closure | JunGate/east+5-nowshahr:base | JunGate/east+5-nowshahr:closure | JunGate/south+0-chalus:closure | JunGate/south+0-kelardasht:closure | JunGate/south+0-nowshahr:closure | JunGate/south+10-chalus:closure | JunGate/south+10-kelardasht:closure | JunGate/south+10-nowshahr:closure | JunGate/south+5-chalus:closure | JunGate/south+5-kelardasht:closure | JunGate/south+5-nowshahr:closure | JunSens/east-chalus:base | JunSens/east-chalus:closure | JunSens/east-chalus_alt:base | JunSens/east-chalus_alt:closure | JunSens/east-kelardasht:base | JunSens/east-kelardasht:closure | JunSens/east-kelardasht_alt:base | JunSens/east-kelardasht_alt:closure | JunSens/east-nowshahr:base | JunSens/east-nowshahr:closure | JunSens/east-nowshahr_alt:base | JunSens/east-nowshahr_alt:closure | JunSens/south-chalus:closure | JunSens/south-chalus_alt:closure | JunSens/south-kelardasht:closure | JunSens/south-kelardasht_alt:closure | JunSens/south-nowshahr:closure | JunSens/south-nowshahr_alt:closure | JunSens/south_10-chalus:closure | JunSens/south_10-chalus_alt:closure | JunSens/south_10-kelardasht:closure | JunSens/south_10-kelardasht_alt:closure | JunSens/south_10-nowshahr:closure | JunSens/south_10-nowshahr_alt:closure | JunSens/south_5-chalus:closure | JunSens/south_5-chalus_alt:closure | JunSens/south_5-kelardasht:closure | JunSens/south_5-kelardasht_alt:closure | JunSens/south_5-nowshahr:closure | JunSens/south_5-nowshahr_alt:closure,NO,Use 12-Jun version; no route/corridor effect,"{""sidewalk"":[""yes"",""right""]}","{""highway"":""trunk"",""lanes"":""2"",""maxspeed"":""60"",""name"":""بلوار امام خمینی"",""oneway"":""yes"",""ref"":""22"",""sidewalk"":""right""}","[10568262724,10568262751,7907847576,4580707808,4580707807,5885737890,201292391,10709869604,4357292015,4357292008,10709869602,5118275223,201292420,5118275226,4580707729,5866547684,5118275230,4580707806,4580707805,4357310707,201292478,2387913003,2387912996,4580707804,201292519,4357310706,4580707803,201292550,4580707802,4580707801,4580707219,201292708,201292758,10709869600,2387913095,4357310723,8250774580,4357310726,2387913129,4580707800,4580707799,4580707798,4580707567,201292853,4580707797,4580707796,7922897786,7922897783,4580707795,201292900,2387913165]",,https://www.openstreetmap.org/way/1133520400/history
way/1147049044,5,2023-10-19 18:39:05+00:00,2024-03-24T08:19:59Z,6,2024-03-24T08:19:59Z,2025-02-07T00:09:44Z,A_NON_MATERIAL,Jan/south-chalus:closure | Jan/south-chalus_alt:closure | Jan/south-kelardasht:closure | Jan/south-kelardasht_alt:closure | Jan/south-nowshahr:closure | Jan/south-nowshahr_alt:closure | Jan/south_10-chalus:closure | Jan/south_10-chalus_alt:closure | Jan/south_10-kelardasht:closure | Jan/south_10-kelardasht_alt:closure | Jan/south_10-nowshahr:closure | Jan/south_10-nowshahr_alt:closure | Jan/south_5-chalus:closure | Jan/south_5-chalus_alt:closure | Jan/south_5-kelardasht:closure | Jan/south_5-kelardasht_alt:closure | Jan/south_5-nowshahr:closure | Jan/south_5-nowshahr_alt:closure | Jun/south-chalus:closure | Jun/south-kelardasht:closure | Jun/south-nowshahr:closure | JunGate/south+0-chalus:closure | JunGate/south+0-kelardasht:closure | JunGate/south+0-nowshahr:closure | JunGate/south+10-chalus:closure | JunGate/south+10-kelardasht:closure | JunGate/south+10-nowshahr:closure | JunGate/south+5-chalus:closure | JunGate/south+5-kelardasht:closure | JunGate/south+5-nowshahr:closure | JunSens/south-chalus:closure | JunSens/south-chalus_alt:closure | JunSens/south-kelardasht:closure | JunSens/south-kelardasht_alt:closure | JunSens/south-nowshahr:closure | JunSens/south-nowshahr_alt:closure | JunSens/south_10-chalus:closure | JunSens/south_10-chalus_alt:closure | JunSens/south_10-kelardasht:closure | JunSens/south_10-kelardasht_alt:closure | JunSens/south_10-nowshahr:closure | JunSens/south_10-nowshahr_alt:closure | JunSens/south_5-chalus:closure | JunSens/south_5-chalus_alt:closure | JunSens/south_5-kelardasht:closure | JunSens/south_5-kelardasht_alt:closure | JunSens/south_5-nowshahr:closure | JunSens/south_5-nowshahr_alt:closure,NO,Use 12-Jun version; no route/corridor effect,{},"{""alt_name"":""جاده چمستان"",""highway"":""primary"",""maxspeed"":""70"",""name"":""بلوار امام علی - آمل چمستان"",""name:en"":""Emam Ali Boulevard"",""oneway"":""yes""}","[942640364,6184524306,6169165638,5875490361,6169165639,5875490362,6168741188,6168741187,11757422302,6169166862,942640476,6175648843,6169165640,6175648842,6169165641,6169165642,6736281442,6169165643,7572162137,10673785032]",,https://www.openstreetmap.org/way/1147049044/history
way/1147064650,3,2023-10-17 03:33:45+00:00,2024-06-04T22:45:50Z,4,2024-06-04T22:45:50Z,2025-02-07T00:09:44Z,A_NON_MATERIAL,Jan/south-chalus:closure | Jan/south-chalus_alt:closure | Jan/south-kelardasht:closure | Jan/south-kelardasht_alt:closure | Jan/south-nowshahr:closure | Jan/south-nowshahr_alt:closure | Jan/south_10-chalus:closure | Jan/south_10-chalus_alt:closure | Jan/south_10-kelardasht:closure | Jan/south_10-kelardasht_alt:closure | Jan/south_10-nowshahr:closure | Jan/south_10-nowshahr_alt:closure | Jan/south_5-chalus:closure | Jan/south_5-chalus_alt:closure | Jan/south_5-kelardasht:closure | Jan/south_5-kelardasht_alt:closure | Jan/south_5-nowshahr:closure | Jan/south_5-nowshahr_alt:closure | Jun/south-chalus:closure | Jun/south-kelardasht:closure | Jun/south-nowshahr:closure | JunGate/south+0-chalus:closure | JunGate/south+0-kelardasht:closure | JunGate/south+0-nowshahr:closure | JunGate/south+10-chalus:closure | JunGate/south+10-kelardasht:closure | JunGate/south+10-nowshahr:closure | JunGate/south+5-chalus:closure | JunGate/south+5-kelardasht:closure | JunGate/south+5-nowshahr:closure | JunSens/south-chalus:closure | JunSens/south-chalus_alt:closure | JunSens/south-kelardasht:closure | JunSens/south-kelardasht_alt:closure | JunSens/south-nowshahr:closure | JunSens/south-nowshahr_alt:closure | JunSens/south_10-chalus:closure | JunSens/south_10-chalus_alt:closure | JunSens/south_10-kelardasht:closure | JunSens/south_10-kelardasht_alt:closure | JunSens/south_10-nowshahr:closure | JunSens/south_10-nowshahr_alt:closure | JunSens/south_5-chalus:closure | JunSens/south_5-chalus_alt:closure | JunSens/south_5-kelardasht:closure | JunSens/south_5-kelardasht_alt:closure | JunSens/south_5-nowshahr:closure | JunSens/south_5-nowshahr_alt:closure,NO,Use 12-Jun version; no route/corridor effect,{},"{""alt_name"":""جاده چمستان"",""highway"":""primary"",""lanes"":""2"",""maxspeed"":""90"",""name"":""چمستان - نور"",""oneway"":""yes""}","[6727613003,7195084997,7614519973,7195084996,11957008534,11957008540,7683538547,2387911920,2387911921,7195085009,2387911922,2155620964,2387911923,2387911925,7195084885,7195084886,7195084892,10065892939,7195085010,10065892940,2387911930,10065892948,7195085017,7195064377,7195084995,7195084994,10032626985,2387911945,2387911947,2387911950,10673903180]",,https://www.openstreetmap.org/way/1147064650/history
way/1177265756,4,2023-10-19 18:39:05+00:00,2024-03-04T10:23:02Z,5,2024-03-04T10:23:02Z,2025-02-07T00:09:44Z,A_NON_MATERIAL,Jan/south-chalus:closure | Jan/south-chalus_alt:closure | Jan/south-kelardasht:closure | Jan/south-kelardasht_alt:closure | Jan/south-nowshahr:closure | Jan/south-nowshahr_alt:closure | Jan/south_10-chalus:closure | Jan/south_10-chalus_alt:closure | Jan/south_10-kelardasht:closure | Jan/south_10-kelardasht_alt:closure | Jan/south_10-nowshahr:closure | Jan/south_10-nowshahr_alt:closure | Jan/south_5-chalus:closure | Jan/south_5-chalus_alt:closure | Jan/south_5-kelardasht:closure | Jan/south_5-kelardasht_alt:closure | Jan/south_5-nowshahr:closure | Jan/south_5-nowshahr_alt:closure | Jun/south-chalus:closure | Jun/south-kelardasht:closure | Jun/south-nowshahr:closure | JunGate/south+0-chalus:closure | JunGate/south+0-kelardasht:closure | JunGate/south+0-nowshahr:closure | JunGate/south+10-chalus:closure | JunGate/south+10-kelardasht:closure | JunGate/south+10-nowshahr:closure | JunGate/south+5-chalus:closure | JunGate/south+5-kelardasht:closure | JunGate/south+5-nowshahr:closure | JunSens/south-chalus:closure | JunSens/south-chalus_alt:closure | JunSens/south-kelardasht:closure | JunSens/south-kelardasht_alt:closure | JunSens/south-nowshahr:closure | JunSens/south-nowshahr_alt:closure | JunSens/south_10-chalus:closure | JunSens/south_10-chalus_alt:closure | JunSens/south_10-kelardasht:closure | JunSens/south_10-kelardasht_alt:closure | JunSens/south_10-nowshahr:closure | JunSens/south_10-nowshahr_alt:closure | JunSens/south_5-chalus:closure | JunSens/south_5-chalus_alt:closure | JunSens/south_5-kelardasht:closure | JunSens/south_5-kelardasht_alt:closure | JunSens/south_5-nowshahr:closure | JunSens/south_5-nowshahr_alt:closure,NO,Use 12-Jun version; no route/corridor effect,{},"{""highway"":""primary"",""name"":""بلوار امام علی - آمل چمستان"",""name:en"":""Emam Ali Boulevard"",""oneway"":""yes""}","[6169165723,6169165718,6169165716,6169165675,6034870038,6169165676,6034870073,6034870195,6326710038,6169165679,6169165680,6326710034,6169165737,6169165681,6169165682,6169165742,6182276449,6182276447]",,https://www.openstreetmap.org/way/1177265756/history
way/1182519703,2,2023-09-27 19:41:32+00:00,2024-04-01T18:46:28Z,3,2024-04-01T18:46:28Z,,C_TOPOLOGY,Jan/south-chalus:closure | Jan/south-chalus_alt:closure | Jan/south-kelardasht:closure | Jan/south-kelardasht_alt:closure | Jan/south-nowshahr:closure | Jan/south-nowshahr_alt:closure | Jan/south_10-chalus:closure | Jan/south_10-chalus_alt:closure | Jan/south_10-kelardasht:closure | Jan/south_10-kelardasht_alt:closure | Jan/south_10-nowshahr:closure | Jan/south_10-nowshahr_alt:closure | Jan/south_5-chalus:closure | Jan/south_5-chalus_alt:closure | Jan/south_5-kelardasht:closure | Jan/south_5-kelardasht_alt:closure | Jan/south_5-nowshahr:closure | Jan/south_5-nowshahr_alt:closure | Jun/south-chalus:closure | Jun/south-kelardasht:closure | Jun/south-nowshahr:closure | JunGate/south+0-chalus:closure | JunGate/south+0-kelardasht:closure | JunGate/south+0-nowshahr:closure | JunGate/south+10-chalus:closure | JunGate/south+10-kelardasht:closure | JunGate/south+10-nowshahr:closure | JunGate/south+5-chalus:closure | JunGate/south+5-kelardasht:closure | JunGate/south+5-nowshahr:closure | JunSens/south-chalus:closure | JunSens/south-chalus_alt:closure | JunSens/south-kelardasht:closure | JunSens/south-kelardasht_alt:closure | JunSens/south-nowshahr:closure | JunSens/south-nowshahr_alt:closure | JunSens/south_10-chalus:closure | JunSens/south_10-chalus_alt:closure | JunSens/south_10-kelardasht:closure | JunSens/south_10-kelardasht_alt:closure | JunSens/south_10-nowshahr:closure | JunSens/south_10-nowshahr_alt:closure | JunSens/south_5-chalus:closure | JunSens/south_5-chalus_alt:closure | JunSens/south_5-kelardasht:closure | JunSens/south_5-kelardasht_alt:closure | JunSens/south_5-nowshahr:closure | JunSens/south_5-nowshahr_alt:closure,NO,Use 12-Jun version; no route/corridor effect,{},"{""full_name"":""بزرگراه شهید حسین خرازی"",""highway"":""trunk"",""lanes"":""3"",""maxspeed"":""90"",""name"":""بزرگراه خرازی"",""name:en"":""Kharrazi Expressway"",""oneway"":""yes"",""ref"":""14""}","[10648225549,10648225545,10648225553,6577672428,3268736327,3110992492,6698408143,3268736338,3128081968,6577672427,2251206727]",,https://www.openstreetmap.org/way/1182519703/history
way/1205674657,2,2023-09-10 22:28:35+00:00,2024-03-21T17:36:00Z,3,2024-03-21T17:36:00Z,2024-12-21T03:31:03Z,A_NON_MATERIAL,Jan/south-chalus:closure | Jan/south-chalus_alt:closure | Jan/south-kelardasht:closure | Jan/south-kelardasht_alt:closure | Jan/south-nowshahr:closure | Jan/south-nowshahr_alt:closure | Jan/south_10-chalus:closure | Jan/south_10-chalus_alt:closure | Jan/south_10-kelardasht:closure | Jan/south_10-kelardasht_alt:closure | Jan/south_10-nowshahr:closure | Jan/south_10-nowshahr_alt:closure | Jan/south_5-chalus:closure | Jan/south_5-chalus_alt:closure | Jan/south_5-kelardasht:closure | Jan/south_5-kelardasht_alt:closure | Jan/south_5-nowshahr:closure | Jan/south_5-nowshahr_alt:closure | Jun/south-chalus:closure | Jun/south-kelardasht:closure | Jun/south-nowshahr:closure | JunGate/south+0-chalus:closure | JunGate/south+0-kelardasht:closure | JunGate/south+0-nowshahr:closure | JunGate/south+10-chalus:closure | JunGate/south+10-kelardasht:closure | JunGate/south+10-nowshahr:closure | JunGate/south+5-chalus:closure | JunGate/south+5-kelardasht:closure | JunGate/south+5-nowshahr:closure | JunSens/south-chalus:closure | JunSens/south-chalus_alt:closure | JunSens/south-kelardasht:closure | JunSens/south-kelardasht_alt:closure | JunSens/south-nowshahr:closure | JunSens/south-nowshahr_alt:closure | JunSens/south_10-chalus:closure | JunSens/south_10-chalus_alt:closure | JunSens/south_10-kelardasht:closure | JunSens/south_10-kelardasht_alt:closure | JunSens/south_10-nowshahr:closure | JunSens/south_10-nowshahr_alt:closure | JunSens/south_5-chalus:closure | JunSens/south_5-chalus_alt:closure | JunSens/south_5-kelardasht:closure | JunSens/south_5-kelardasht_alt:closure | JunSens/south_5-nowshahr:closure | JunSens/south_5-nowshahr_alt:closure,NO,Use 12-Jun version; no route/corridor effect,{},"{""destination"":""کنارگذر شهید خرازی"",""highway"":""trunk_link"",""maxspeed"":""90"",""name"":""کنارگذر شهید خرازی"",""oneway"":""yes"",""surface"":""asphalt""}","[26724692,26724741,1705042833,11750787830,1705042824,806589788]",,https://www.openstreetmap.org/way/1205674657/history
way/1215605917,1,2023-10-14 16:49:48+00:00,2024-03-01T13:16:51Z,2,2024-03-01T13:16:51Z,2025-05-08T13:15:32Z,A_NON_MATERIAL,Jan/south-chalus:closure | Jan/south-chalus_alt:closure | Jan/south-kelardasht:closure | Jan/south-kelardasht_alt:closure | Jan/south-nowshahr:closure | Jan/south-nowshahr_alt:closure | Jan/south_10-chalus:closure | Jan/south_10-chalus_alt:closure | Jan/south_10-kelardasht:closure | Jan/south_10-kelardasht_alt:closure | Jan/south_10-nowshahr:closure | Jan/south_10-nowshahr_alt:closure | Jan/south_5-chalus:closure | Jan/south_5-chalus_alt:closure | Jan/south_5-kelardasht:closure | Jan/south_5-kelardasht_alt:closure | Jan/south_5-nowshahr:closure | Jan/south_5-nowshahr_alt:closure | Jun/south-chalus:closure | Jun/south-kelardasht:closure | Jun/south-nowshahr:closure | JunGate/south+0-chalus:closure | JunGate/south+0-kelardasht:closure | JunGate/south+0-nowshahr:closure | JunGate/south+10-chalus:closure | JunGate/south+10-kelardasht:closure | JunGate/south+10-nowshahr:closure | JunGate/south+5-chalus:closure | JunGate/south+5-kelardasht:closure | JunGate/south+5-nowshahr:closure | JunSens/south-chalus:closure | JunSens/south-chalus_alt:closure | JunSens/south-kelardasht:closure | JunSens/south-kelardasht_alt:closure | JunSens/south-nowshahr:closure | JunSens/south-nowshahr_alt:closure | JunSens/south_10-chalus:closure | JunSens/south_10-chalus_alt:closure | JunSens/south_10-kelardasht:closure | JunSens/south_10-kelardasht_alt:closure | JunSens/south_10-nowshahr:closure | JunSens/south_10-nowshahr_alt:closure | JunSens/south_5-chalus:closure | JunSens/south_5-chalus_alt:closure | JunSens/south_5-kelardasht:closure | JunSens/south_5-kelardasht_alt:closure | JunSens/south_5-nowshahr:closure | JunSens/south_5-nowshahr_alt:closure,NO,Use 12-Jun version; no route/corridor effect,"{""lanes"":[null,""4""]}","{""full_name:fa"":""بزرگراه شهید محمدابراهیم همت"",""highway"":""trunk"",""lanes"":""4"",""maxspeed"":""90"",""name"":""بزرگراه شهید همت"",""name:en"":""Shahid Hemmat Expressway"",""oneway"":""yes"",""ref"":""14"",""surface"":""asphalt""}","[310377606,6418315298,1646917163,1646917172,6436448183,310377158]",,https://www.openstreetmap.org/way/1215605917/history
way/1251522092,ABSENT,,2024-02-17T08:23:26Z,1,2024-02-17T08:23:26Z,2025-02-07T00:09:44Z,C_TOPOLOGY,Jun/south-chalus:closure | Jun/south-kelardasht:closure | Jun/south-nowshahr:closure | JunGate/south+0-chalus:closure | JunGate/south+0-kelardasht:closure | JunGate/south+0-nowshahr:closure | JunGate/south+10-chalus:closure | JunGate/south+10-kelardasht:closure | JunGate/south+10-nowshahr:closure | JunGate/south+5-chalus:closure | JunGate/south+5-kelardasht:closure | JunGate/south+5-nowshahr:closure | JunSens/south-chalus:closure | JunSens/south-chalus_alt:closure | JunSens/south-kelardasht:closure | JunSens/south-kelardasht_alt:closure | JunSens/south-nowshahr:closure | JunSens/south-nowshahr_alt:closure | JunSens/south_10-chalus:closure | JunSens/south_10-chalus_alt:closure | JunSens/south_10-kelardasht:closure | JunSens/south_10-kelardasht_alt:closure | JunSens/south_10-nowshahr:closure | JunSens/south_10-nowshahr_alt:closure | JunSens/south_5-chalus:closure | JunSens/south_5-chalus_alt:closure | JunSens/south_5-kelardasht:closure | JunSens/south_5-kelardasht_alt:closure | JunSens/south_5-nowshahr:closure | JunSens/south_5-nowshahr_alt:closure,YES_TOPOLOGY_RECONCILIATION,Insert split/child way valid at cutoff,"{""state"":[""absent"",""created""]}","{""alt_name"":""جاده چمستان"",""highway"":""primary"",""maxspeed"":""70"",""name"":""جاده آمل - چمستان"",""oneway"":""yes""}","[10673943556,7248746474,7248746475,7248746476,7248746478,7221857456,7221857458,7221857459,7221857460,7836864362,7221857461,7221857462,7221857463,7221857464,7221857455,7221857454,7221857453,7221857465,7221857467,9415191476,7065104846,7221946285,7745913473,7221946286,7221946287,7221946288,7745913471,7221946289,7745913447,7221946290,7221946291,7221857483,11633857594]",created in changeset affecting route-dependent predecessor,https://www.openstreetmap.org/way/1251522092/history
way/1251522093,ABSENT,,2024-02-17T08:23:26Z,1,2024-02-17T08:23:26Z,2025-02-07T00:09:44Z,C_TOPOLOGY,Jun/south-chalus:closure | Jun/south-kelardasht:closure | Jun/south-nowshahr:closure | JunGate/south+0-chalus:closure | JunGate/south+0-kelardasht:closure | JunGate/south+0-nowshahr:closure | JunGate/south+10-chalus:closure | JunGate/south+10-kelardasht:closure | JunGate/south+10-nowshahr:closure | JunGate/south+5-chalus:closure | JunGate/south+5-kelardasht:closure | JunGate/south+5-nowshahr:closure | JunSens/south-chalus:closure | JunSens/south-chalus_alt:closure | JunSens/south-kelardasht:closure | JunSens/south-kelardasht_alt:closure | JunSens/south-nowshahr:closure | JunSens/south-nowshahr_alt:closure | JunSens/south_10-chalus:closure | JunSens/south_10-chalus_alt:closure | JunSens/south_10-kelardasht:closure | JunSens/south_10-kelardasht_alt:closure | JunSens/south_10-nowshahr:closure | JunSens/south_10-nowshahr_alt:closure | JunSens/south_5-chalus:closure | JunSens/south_5-chalus_alt:closure | JunSens/south_5-kelardasht:closure | JunSens/south_5-kelardasht_alt:closure | JunSens/south_5-nowshahr:closure | JunSens/south_5-nowshahr_alt:closure,YES_TOPOLOGY_RECONCILIATION,Insert split/child way valid at cutoff,"{""state"":[""absent"",""created""]}","{""alt_name"":""جاده چمستان"",""bridge"":""yes"",""highway"":""primary"",""layer"":""1"",""maxspeed"":""70"",""name"":""جاده آمل - چمستان"",""oneway"":""yes""}","[11633857594,11633857593]",created in changeset affecting route-dependent predecessor,https://www.openstreetmap.org/way/1251522093/history
way/1252235733,ABSENT,,2024-02-19T07:51:37Z,1,2024-02-19T07:51:37Z,,C_TOPOLOGY,Jun/west-chalus:base | Jun/west-chalus:closure | Jun/west-kelardasht:base | Jun/west-kelardasht:closure | Jun/west-nowshahr:base | Jun/west-nowshahr:closure | JunGate/west+0-chalus:base | JunGate/west+0-chalus:closure | JunGate/west+0-kelardasht:base | JunGate/west+0-kelardasht:closure | JunGate/west+0-nowshahr:base | JunGate/west+0-nowshahr:closure | JunGate/west+10-chalus:base | JunGate/west+10-chalus:closure | JunGate/west+10-kelardasht:base | JunGate/west+10-kelardasht:closure | JunGate/west+10-nowshahr:base | JunGate/west+10-nowshahr:closure | JunGate/west+5-chalus:base | JunGate/west+5-chalus:closure | JunGate/west+5-kelardasht:base | JunGate/west+5-kelardasht:closure | JunGate/west+5-nowshahr:base | JunGate/west+5-nowshahr:closure | JunSens/west-chalus:base | JunSens/west-chalus:closure | JunSens/west-chalus_alt:base | JunSens/west-chalus_alt:closure | JunSens/west-kelardasht:base | JunSens/west-kelardasht:closure | JunSens/west-kelardasht_alt:base | JunSens/west-kelardasht_alt:closure | JunSens/west-nowshahr:base | JunSens/west-nowshahr:closure | JunSens/west-nowshahr_alt:base | JunSens/west-nowshahr_alt:closure,YES_TOPOLOGY_RECONCILIATION,Insert split/child way valid at cutoff,"{""state"":[""absent"",""created""]}","{""highway"":""trunk"",""junction"":""roundabout"",""oneway"":""yes""}","[11290070952,11640122690,11640122689,11640122688,4056031985,11640122687,11640122686,11640122685,11290070951,11640122684,11640122683,11640122682,11640122681,11640122680,11640122679,11640122678,11640122677,11640122676,11640122675,11640122691,11640122674,11640122673,11640122672,11640122671,11640122670,11640122669,11640073868,11640073867,11640073866,11290070952]",created in changeset affecting route-dependent predecessor,https://www.openstreetmap.org/way/1252235733/history
way/1252235734,ABSENT,,2024-02-19T07:51:37Z,1,2024-02-19T07:51:37Z,,C_TOPOLOGY,Jun/west-chalus:base | Jun/west-chalus:closure | Jun/west-kelardasht:base | Jun/west-kelardasht:closure | Jun/west-nowshahr:base | Jun/west-nowshahr:closure | JunGate/west+0-chalus:base | JunGate/west+0-chalus:closure | JunGate/west+0-kelardasht:base | JunGate/west+0-kelardasht:closure | JunGate/west+0-nowshahr:base | JunGate/west+0-nowshahr:closure | JunGate/west+10-chalus:base | JunGate/west+10-chalus:closure | JunGate/west+10-kelardasht:base | JunGate/west+10-kelardasht:closure | JunGate/west+10-nowshahr:base | JunGate/west+10-nowshahr:closure | JunGate/west+5-chalus:base | JunGate/west+5-chalus:closure | JunGate/west+5-kelardasht:base | JunGate/west+5-kelardasht:closure | JunGate/west+5-nowshahr:base | JunGate/west+5-nowshahr:closure | JunSens/west-chalus:base | JunSens/west-chalus:closure | JunSens/west-chalus_alt:base | JunSens/west-chalus_alt:closure | JunSens/west-kelardasht:base | JunSens/west-kelardasht:closure | JunSens/west-kelardasht_alt:base | JunSens/west-kelardasht_alt:closure | JunSens/west-nowshahr:base | JunSens/west-nowshahr:closure | JunSens/west-nowshahr_alt:base | JunSens/west-nowshahr_alt:closure,YES_TOPOLOGY_RECONCILIATION,Insert split/child way valid at cutoff,"{""state"":[""absent"",""created""]}","{""highway"":""trunk"",""lanes"":""2"",""lit"":""yes"",""maxspeed"":""60"",""name"":""جاده ساحلی"",""oneway"":""yes"",""ref"":""22"",""sidewalk"":""yes"",""surface"":""asphalt""}","[11290070951,11290070950,2396992243,6411897233,2396992240,6411897231]",created in changeset affecting route-dependent predecessor,https://www.openstreetmap.org/way/1252235734/history
way/1254832046,ABSENT,,2024-02-26T09:53:36Z,1,2024-02-26T09:53:36Z,2025-05-12T09:24:32Z,C_TOPOLOGY,Jun/south-chalus:closure | Jun/south-kelardasht:closure | Jun/south-nowshahr:closure | JunGate/south+0-chalus:closure | JunGate/south+0-kelardasht:closure | JunGate/south+0-nowshahr:closure | JunGate/south+10-chalus:closure | JunGate/south+10-kelardasht:closure | JunGate/south+10-nowshahr:closure | JunGate/south+5-chalus:closure | JunGate/south+5-kelardasht:closure | JunGate/south+5-nowshahr:closure | JunSens/south-chalus:closure | JunSens/south-chalus_alt:closure | JunSens/south-kelardasht:closure | JunSens/south-kelardasht_alt:closure | JunSens/south-nowshahr:closure | JunSens/south-nowshahr_alt:closure | JunSens/south_10-chalus:closure | JunSens/south_10-chalus_alt:closure | JunSens/south_10-kelardasht:closure | JunSens/south_10-kelardasht_alt:closure | JunSens/south_10-nowshahr:closure | JunSens/south_10-nowshahr_alt:closure | JunSens/south_5-chalus:closure | JunSens/south_5-chalus_alt:closure | JunSens/south_5-kelardasht:closure | JunSens/south_5-kelardasht_alt:closure | JunSens/south_5-nowshahr:closure | JunSens/south_5-nowshahr_alt:closure,YES_TOPOLOGY_RECONCILIATION,Insert split/child way valid at cutoff,"{""state"":[""absent"",""created""]}","{""full_name:fa"":""بزرگراه شهید محمدابراهیم همت"",""highway"":""trunk"",""lanes"":""4"",""maxspeed"":""90"",""name"":""بزرگراه شهید همت"",""name:en"":""Shahid Hemmat Expressway"",""old_name"":""بزرگراه شمال عباس آباد"",""oneway"":""yes"",""ref"":""14"",""surface"":""asphalt""}","[11664859088,34024741]",created in changeset affecting route-dependent predecessor,https://www.openstreetmap.org/way/1254832046/history
way/1254832048,ABSENT,,2024-02-26T09:53:36Z,1,2024-02-26T09:53:36Z,2025-05-12T09:24:03Z,C_TOPOLOGY,Jun/south-chalus:closure | Jun/south-kelardasht:closure | Jun/south-nowshahr:closure | JunGate/south+0-chalus:closure | JunGate/south+0-kelardasht:closure | JunGate/south+0-nowshahr:closure | JunGate/south+10-chalus:closure | JunGate/south+10-kelardasht:closure | JunGate/south+10-nowshahr:closure | JunGate/south+5-chalus:closure | JunGate/south+5-kelardasht:closure | JunGate/south+5-nowshahr:closure | JunSens/south-chalus:closure | JunSens/south-chalus_alt:closure | JunSens/south-kelardasht:closure | JunSens/south-kelardasht_alt:closure | JunSens/south-nowshahr:closure | JunSens/south-nowshahr_alt:closure | JunSens/south_10-chalus:closure | JunSens/south_10-chalus_alt:closure | JunSens/south_10-kelardasht:closure | JunSens/south_10-kelardasht_alt:closure | JunSens/south_10-nowshahr:closure | JunSens/south_10-nowshahr_alt:closure | JunSens/south_5-chalus:closure | JunSens/south_5-chalus_alt:closure | JunSens/south_5-kelardasht:closure | JunSens/south_5-kelardasht_alt:closure | JunSens/south_5-nowshahr:closure | JunSens/south_5-nowshahr_alt:closure,YES_TOPOLOGY_RECONCILIATION,Insert split/child way valid at cutoff,"{""state"":[""absent"",""created""]}","{""full_name:fa"":""بزرگراه شهید محمدابراهیم همت"",""highway"":""trunk"",""lanes"":""4"",""maxspeed"":""90"",""name"":""بزرگراه شهید همت"",""name:en"":""Shahid Hemmat Expressway"",""oneway"":""yes"",""ref"":""14"",""surface"":""asphalt""}","[31076429,11664859090]",created in changeset affecting route-dependent predecessor,https://www.openstreetmap.org/way/1254832048/history
way/1265741351,ABSENT,,2024-03-24T08:19:59Z,1,2024-03-24T08:19:59Z,2026-06-27T19:24:22Z,C_TOPOLOGY,Jun/south-chalus:closure | Jun/south-kelardasht:closure | Jun/south-nowshahr:closure | JunGate/south+0-chalus:closure | JunGate/south+0-kelardasht:closure | JunGate/south+0-nowshahr:closure | JunGate/south+10-chalus:closure | JunGate/south+10-kelardasht:closure | JunGate/south+10-nowshahr:closure | JunGate/south+5-chalus:closure | JunGate/south+5-kelardasht:closure | JunGate/south+5-nowshahr:closure | JunSens/south-chalus:closure | JunSens/south-chalus_alt:closure | JunSens/south-kelardasht:closure | JunSens/south-kelardasht_alt:closure | JunSens/south-nowshahr:closure | JunSens/south-nowshahr_alt:closure | JunSens/south_10-chalus:closure | JunSens/south_10-chalus_alt:closure | JunSens/south_10-kelardasht:closure | JunSens/south_10-kelardasht_alt:closure | JunSens/south_10-nowshahr:closure | JunSens/south_10-nowshahr_alt:closure | JunSens/south_5-chalus:closure | JunSens/south_5-chalus_alt:closure | JunSens/south_5-kelardasht:closure | JunSens/south_5-kelardasht_alt:closure | JunSens/south_5-nowshahr:closure | JunSens/south_5-nowshahr_alt:closure,YES_TOPOLOGY_RECONCILIATION,Insert split/child way valid at cutoff,"{""state"":[""absent"",""created""]}","{""highway"":""primary_link"",""oneway"":""yes""}","[6168741078,11757422301,11757422300,11757422299,6169166862]",created in changeset affecting route-dependent predecessor,https://www.openstreetmap.org/way/1265741351/history
way/1270177767,ABSENT,,2024-05-27T12:46:32Z,2,2024-05-27T12:46:32Z,,C_TOPOLOGY,Jun/south-chalus:closure | Jun/south-kelardasht:closure | Jun/south-nowshahr:closure | JunGate/south+0-chalus:closure | JunGate/south+0-kelardasht:closure | JunGate/south+0-nowshahr:closure | JunGate/south+10-chalus:closure | JunGate/south+10-kelardasht:closure | JunGate/south+10-nowshahr:closure | JunGate/south+5-chalus:closure | JunGate/south+5-kelardasht:closure | JunGate/south+5-nowshahr:closure | JunSens/south-chalus:closure | JunSens/south-chalus_alt:closure | JunSens/south-kelardasht:closure | JunSens/south-kelardasht_alt:closure | JunSens/south-nowshahr:closure | JunSens/south-nowshahr_alt:closure | JunSens/south_10-chalus:closure | JunSens/south_10-chalus_alt:closure | JunSens/south_10-kelardasht:closure | JunSens/south_10-kelardasht_alt:closure | JunSens/south_10-nowshahr:closure | JunSens/south_10-nowshahr_alt:closure | JunSens/south_5-chalus:closure | JunSens/south_5-chalus_alt:closure | JunSens/south_5-kelardasht:closure | JunSens/south_5-kelardasht_alt:closure | JunSens/south_5-nowshahr:closure | JunSens/south_5-nowshahr_alt:closure,YES_TOPOLOGY_RECONCILIATION,Insert split/child way valid at cutoff,"{""state"":[""absent"",""created""]}","{""highway"":""trunk"",""maxspeed"":""80"",""name"":""جاده هراز"",""name:en"":""Haraz Road"",""oneway"":""yes"",""ref"":""77""}","[2132044096,11937087829,3718329610]",created in changeset affecting route-dependent predecessor,https://www.openstreetmap.org/way/1270177767/history
way/1270177768,ABSENT,,2024-04-05T16:31:31Z,1,2024-04-05T16:31:31Z,,C_TOPOLOGY,Jun/south-chalus:closure | Jun/south-kelardasht:closure | Jun/south-nowshahr:closure | JunGate/south+0-chalus:closure | JunGate/south+0-kelardasht:closure | JunGate/south+0-nowshahr:closure | JunGate/south+10-chalus:closure | JunGate/south+10-kelardasht:closure | JunGate/south+10-nowshahr:closure | JunGate/south+5-chalus:closure | JunGate/south+5-kelardasht:closure | JunGate/south+5-nowshahr:closure | JunSens/south-chalus:closure | JunSens/south-chalus_alt:closure | JunSens/south-kelardasht:closure | JunSens/south-kelardasht_alt:closure | JunSens/south-nowshahr:closure | JunSens/south-nowshahr_alt:closure | JunSens/south_10-chalus:closure | JunSens/south_10-chalus_alt:closure | JunSens/south_10-kelardasht:closure | JunSens/south_10-kelardasht_alt:closure | JunSens/south_10-nowshahr:closure | JunSens/south_10-nowshahr_alt:closure | JunSens/south_5-chalus:closure | JunSens/south_5-chalus_alt:closure | JunSens/south_5-kelardasht:closure | JunSens/south_5-kelardasht_alt:closure | JunSens/south_5-nowshahr:closure | JunSens/south_5-nowshahr_alt:closure,YES_TOPOLOGY_RECONCILIATION,Insert split/child way valid at cutoff,"{""state"":[""absent"",""created""]}","{""highway"":""trunk"",""layer"":""-1"",""maxspeed"":""80"",""name"":""جاده هراز"",""name:en"":""Haraz Road"",""oneway"":""yes"",""ref"":""77"",""tunnel"":""yes""}","[11793713034,2132044096]",created in changeset affecting route-dependent predecessor,https://www.openstreetmap.org/way/1270177768/history
way/1270177770,ABSENT,,2024-05-27T12:46:32Z,2,2024-05-27T12:46:32Z,,C_TOPOLOGY,Jun/south-chalus:closure | Jun/south-kelardasht:closure | Jun/south-nowshahr:closure | JunGate/south+0-chalus:closure | JunGate/south+0-kelardasht:closure | JunGate/south+0-nowshahr:closure | JunGate/south+10-chalus:closure | JunGate/south+10-kelardasht:closure | JunGate/south+10-nowshahr:closure | JunGate/south+5-chalus:closure | JunGate/south+5-kelardasht:closure | JunGate/south+5-nowshahr:closure | JunSens/south-chalus:closure | JunSens/south-chalus_alt:closure | JunSens/south-kelardasht:closure | JunSens/south-kelardasht_alt:closure | JunSens/south-nowshahr:closure | JunSens/south-nowshahr_alt:closure | JunSens/south_10-chalus:closure | JunSens/south_10-chalus_alt:closure | JunSens/south_10-kelardasht:closure | JunSens/south_10-kelardasht_alt:closure | JunSens/south_10-nowshahr:closure | JunSens/south_10-nowshahr_alt:closure | JunSens/south_5-chalus:closure | JunSens/south_5-chalus_alt:closure | JunSens/south_5-kelardasht:closure | JunSens/south_5-kelardasht_alt:closure | JunSens/south_5-nowshahr:closure | JunSens/south_5-nowshahr_alt:closure,YES_TOPOLOGY_RECONCILIATION,Insert split/child way valid at cutoff,"{""state"":[""absent"",""created""]}","{""highway"":""trunk"",""maxspeed"":""80"",""name"":""جاده هراز"",""name:en"":""Haraz Road"",""oneway"":""yes"",""ref"":""77""}","[3718329610,3718329609,11937087830,8582270367,27216692,11793713041,11937087825,11937087824,11793713043,11793713040,11937087823,3718329608,11793713044,27216697,3718329607]",created in changeset affecting route-dependent predecessor,https://www.openstreetmap.org/way/1270177770/history
way/1270179067,ABSENT,,2024-05-28T06:17:15Z,2,2024-05-28T06:17:15Z,,C_TOPOLOGY,Jun/south-chalus:closure | Jun/south-kelardasht:closure | Jun/south-nowshahr:closure | JunGate/south+0-chalus:closure | JunGate/south+0-kelardasht:closure | JunGate/south+0-nowshahr:closure | JunGate/south+10-chalus:closure | JunGate/south+10-kelardasht:closure | JunGate/south+10-nowshahr:closure | JunGate/south+5-chalus:closure | JunGate/south+5-kelardasht:closure | JunGate/south+5-nowshahr:closure | JunSens/south-chalus:closure | JunSens/south-chalus_alt:closure | JunSens/south-kelardasht:closure | JunSens/south-kelardasht_alt:closure | JunSens/south-nowshahr:closure | JunSens/south-nowshahr_alt:closure | JunSens/south_10-chalus:closure | JunSens/south_10-chalus_alt:closure | JunSens/south_10-kelardasht:closure | JunSens/south_10-kelardasht_alt:closure | JunSens/south_10-nowshahr:closure | JunSens/south_10-nowshahr_alt:closure | JunSens/south_5-chalus:closure | JunSens/south_5-chalus_alt:closure | JunSens/south_5-kelardasht:closure | JunSens/south_5-kelardasht_alt:closure | JunSens/south_5-nowshahr:closure | JunSens/south_5-nowshahr_alt:closure,YES_TOPOLOGY_RECONCILIATION,Insert split/child way valid at cutoff,"{""state"":[""absent"",""created""]}","{""highway"":""trunk"",""name"":""جاده هراز"",""oneway"":""yes"",""ref"":""77""}","[11938849727,11793733895,11793733894,11793733893,8577451361]",created in changeset affecting route-dependent predecessor,https://www.openstreetmap.org/way/1270179067/history
way/1280188385,ABSENT,,2024-05-06T13:34:03Z,1,2024-05-06T13:34:03Z,2024-12-21T03:31:03Z,C_TOPOLOGY,Jun/south-chalus:closure | Jun/south-kelardasht:closure | Jun/south-nowshahr:closure | JunGate/south+0-chalus:closure | JunGate/south+0-kelardasht:closure | JunGate/south+0-nowshahr:closure | JunGate/south+10-chalus:closure | JunGate/south+10-kelardasht:closure | JunGate/south+10-nowshahr:closure | JunGate/south+5-chalus:closure | JunGate/south+5-kelardasht:closure | JunGate/south+5-nowshahr:closure | JunSens/south-chalus:closure | JunSens/south-chalus_alt:closure | JunSens/south-kelardasht:closure | JunSens/south-kelardasht_alt:closure | JunSens/south-nowshahr:closure | JunSens/south-nowshahr_alt:closure | JunSens/south_10-chalus:closure | JunSens/south_10-chalus_alt:closure | JunSens/south_10-kelardasht:closure | JunSens/south_10-kelardasht_alt:closure | JunSens/south_10-nowshahr:closure | JunSens/south_10-nowshahr_alt:closure | JunSens/south_5-chalus:closure | JunSens/south_5-chalus_alt:closure | JunSens/south_5-kelardasht:closure | JunSens/south_5-kelardasht_alt:closure | JunSens/south_5-nowshahr:closure | JunSens/south_5-nowshahr_alt:closure,YES_TOPOLOGY_RECONCILIATION,Insert split/child way valid at cutoff,"{""state"":[""absent"",""created""]}","{""full_name:fa"":""بزرگراه شهید محمدابراهیم همت"",""highway"":""trunk"",""lanes"":""4"",""maxheight"":""default"",""maxspeed"":""90"",""name"":""بزرگراه شهید همت"",""name:en"":""Shahid Hemmat Expressway"",""oneway"":""yes"",""ref"":""14"",""surface"":""asphalt""}","[6465743039,6810645316,26231806,6465810182,1681485194,25925684]",created in changeset affecting route-dependent predecessor,https://www.openstreetmap.org/way/1280188385/history
way/1286993797,ABSENT,,2024-05-27T07:19:01Z,1,2024-05-27T07:19:01Z,,C_TOPOLOGY,Jun/west-kelardasht:base | Jun/west-kelardasht:closure | JunGate/west+0-kelardasht:base | JunGate/west+0-kelardasht:closure | JunGate/west+10-kelardasht:base | JunGate/west+10-kelardasht:closure | JunGate/west+5-kelardasht:base | JunGate/west+5-kelardasht:closure | JunSens/west-kelardasht:base | JunSens/west-kelardasht:closure | JunSens/west-kelardasht_alt:base | JunSens/west-kelardasht_alt:closure,YES_TOPOLOGY_RECONCILIATION,Insert split/child way valid at cutoff,"{""state"":[""absent"",""created""]}","{""highway"":""secondary"",""lanes"":""2"",""lit"":""yes"",""maxspeed"":""50"",""name"":""شهید دلفان آذری"",""oneway"":""yes"",""surface"":""asphalt""}","[5602166688,6582191255,5559362141,5559362055,6582191256,5604499534,5558711677,5904104086,6432694884,5562381169,5804155541,5804128452,6584068118,5559362034]",created in changeset affecting route-dependent predecessor,https://www.openstreetmap.org/way/1286993797/history
way/1287287400,ABSENT,,2024-05-28T06:17:15Z,1,2024-05-28T06:17:15Z,,C_TOPOLOGY,Jun/south-chalus:closure | Jun/south-kelardasht:closure | Jun/south-nowshahr:closure | JunGate/south+0-chalus:closure | JunGate/south+0-kelardasht:closure | JunGate/south+0-nowshahr:closure | JunGate/south+10-chalus:closure | JunGate/south+10-kelardasht:closure | JunGate/south+10-nowshahr:closure | JunGate/south+5-chalus:closure | JunGate/south+5-kelardasht:closure | JunGate/south+5-nowshahr:closure | JunSens/south-chalus:closure | JunSens/south-chalus_alt:closure | JunSens/south-kelardasht:closure | JunSens/south-kelardasht_alt:closure | JunSens/south-nowshahr:closure | JunSens/south-nowshahr_alt:closure | JunSens/south_10-chalus:closure | JunSens/south_10-chalus_alt:closure | JunSens/south_10-kelardasht:closure | JunSens/south_10-kelardasht_alt:closure | JunSens/south_10-nowshahr:closure | JunSens/south_10-nowshahr_alt:closure | JunSens/south_5-chalus:closure | JunSens/south_5-chalus_alt:closure | JunSens/south_5-kelardasht:closure | JunSens/south_5-kelardasht_alt:closure | JunSens/south_5-nowshahr:closure | JunSens/south_5-nowshahr_alt:closure,YES_TOPOLOGY_RECONCILIATION,Insert split/child way valid at cutoff,"{""state"":[""absent"",""created""]}","{""highway"":""trunk"",""lanes"":""3"",""name"":""جاده هراز"",""oneway"":""yes"",""ref"":""77"",""turn:lanes"":""reverse|through|through""}","[11793733896,11938849727]",created in changeset affecting route-dependent predecessor,https://www.openstreetmap.org/way/1287287400/history
way/1287287401,ABSENT,,2024-05-28T06:17:15Z,1,2024-05-28T06:17:15Z,,C_TOPOLOGY,Jun/south-chalus:closure | Jun/south-kelardasht:closure | Jun/south-nowshahr:closure | JunGate/south+0-chalus:closure | JunGate/south+0-kelardasht:closure | JunGate/south+0-nowshahr:closure | JunGate/south+10-chalus:closure | JunGate/south+10-kelardasht:closure | JunGate/south+10-nowshahr:closure | JunGate/south+5-chalus:closure | JunGate/south+5-kelardasht:closure | JunGate/south+5-nowshahr:closure | JunSens/south-chalus:closure | JunSens/south-chalus_alt:closure | JunSens/south-kelardasht:closure | JunSens/south-kelardasht_alt:closure | JunSens/south-nowshahr:closure | JunSens/south-nowshahr_alt:closure | JunSens/south_10-chalus:closure | JunSens/south_10-chalus_alt:closure | JunSens/south_10-kelardasht:closure | JunSens/south_10-kelardasht_alt:closure | JunSens/south_10-nowshahr:closure | JunSens/south_10-nowshahr_alt:closure | JunSens/south_5-chalus:closure | JunSens/south_5-chalus_alt:closure | JunSens/south_5-kelardasht:closure | JunSens/south_5-kelardasht_alt:closure | JunSens/south_5-nowshahr:closure | JunSens/south_5-nowshahr_alt:closure,YES_TOPOLOGY_RECONCILIATION,Insert split/child way valid at cutoff,"{""state"":[""absent"",""created""]}","{""highway"":""trunk"",""name"":""جاده هراز"",""oneway"":""yes"",""ref"":""77""}","[2279620968,8577451360,11793733896]",created in changeset affecting route-dependent predecessor,https://www.openstreetmap.org/way/1287287401/history
